{"pixen.kill":2,"stat.useItem.minecraft.bow":83,"stat.pickup.minecraft.wooden_slab":104,"stat.pickup.lycanitesmobs.chaosorbcharge":4,"stat.pickup.exoticbirds.bluejay_egg":12,"stat.leaveGame":52,"darkling.kill":3,"stat.useItem.zawa.bird_meat_cooked":1,"stat.mineBlock.minecraft.sandstone":3,"stat.drop.exoticbirds.birdmeat":1,"stat.killEntity.PigZombie":5,"stat.drop.minecraft.enchanted_book":2,"stat.pickup.zawa.worm":17,"stat.craftItem.minecraft.shield":5,"stat.drop.minecraft.feather":14,"stat.drop.minecraft.iron_sword":3,"stat.killEntity.primitivemobs.skeleton_warrior":7,"stat.pickup.minecraft.rotten_flesh":376,"stat.pickup.exoticbirds.eggshell":6,"stat.mineBlock.quark.stone_marble_stairs":106,"stat.craftItem.minecraft.stone_axe":2,"stat.entityKilledBy.primitivemobs.rocket_creeper":1,"stat.drop.minecraft.leather_boots":1,"stat.pickup.iceandfire.witherbone":1,"stat.pickup.iceandfire.chared_cobblestone":44,"stat.pickup.minecraft.cobblestone_wall":23,"stat.pickup.minecraft.bucket":1,"stat.craftItem.quark.marble_speleothem":12,"stat.mineBlock.minecraft.wooden_slab":79,"stat.pickup.minecraft.leather_boots":3,"stat.pickup.midnight.shadowroot_log":1,"stat.craftItem.minecraft.iron_shovel":7,"stat.pickup.minecraft.brown_mushroom":7,"stat.killEntity.Witch":4,"stat.drop.minecraft.sand":4,"stat.pickup.quark.tallow":3,"stat.drop.minecraft.tnt":2,"stat.useItem.minecraft.iron_pickaxe":1193,"stat.craftItem.minecraft.wooden_pickaxe":4,"stat.useItem.minecraft.iron_shovel":243,"stat.drop.minecraft.cooked_mutton":4,"stat.craftItem.minecraft.bed":5,"stat.useItem.zawa.bird_meat":2,"stat.pickup.minecraft.firework_charge":2,"stat.craftItem.minecraft.glass_pane":16,"stat.mineBlock.minecraft.vine":5,"banshee.kill":14,"stat.pickup.minecraft.wooden_shovel":1,"stat.furnaceInteraction":181,"stat.mineBlock.quark.slate":1,"stat.killEntity.ZombieVillager":2,"stat.pickup.minecraft.nether_brick":39,"stat.drop.minecraft.chorus_fruit":3,"xaphan.kill":3,"stat.drop.minecraft.red_flower":45,"stat.pickup.iceandfire.manuscript":1,"stat.craftItem.zawa.bird_meat_cooked":1,"stat.useItem.quark.marble":2024,"stat.pickup.lycanitesmobs.spectralboltcharge":35,"stat.pickup.exoticbirds.pigeon_egg":5,"stat.entityKilledBy.primitivemobs.goblin":7,"stat.pickup.minecraft.hay_block":32,"stat.useItem.minecraft.trapdoor":3,"stat.useItem.minecraft.fence":27,"stat.pickup.mca.rose_gold_ore":1,"stat.entityKilledBy.grimoireofgaia.deathword":2,"stat.entityKilledBy.grimoireofgaia.bone_knight":2,"stat.pickup.minecraft.potion":2,"stat.mineBlock.minecraft.fence":61,"stat.useItem.minecraft.wheat_seeds":73,"stat.killEntity.Husk":1,"stat.pickup.lycanitesmobs.tricksterflarecharge":1,"stat.pickup.minecraft.emerald":2,"stat.drop.chococraft.ability_fruit":1,"stat.useItem.minecraft.dye":1242,"stat.pickup.lycanitesmobs.raw_krake_meat":1,"nymph.kill":1,"stat.drop.lycanitesmobs.embercharge":2,"stat.pickup.lycanitesmobs.raw_chupacabra_meat":18,"stat.deaths":356,"stat.pickup.lycanitesmobs.geistliver":20,"stat.pickup.zawa.fur":2,"stat.killEntity.primitivemobs.rocket_creeper":1,"stat.pickup.minecraft.egg":1,"stat.entityKilledBy.grimoireofgaia.dullahan":3,"stat.craftItem.minecraft.wooden_shovel":5,"stat.craftItem.minecraft.iron_pickaxe":7,"stat.pickup.zawa.care_guide":3,"stat.drop.minecraft.torch":52,"stat.entityKilledBy.grimoireofgaia.creep":3,"stat.craftItem.minecraft.cooked_mutton":60,"stat.mineBlock.minecraft.tallgrass":183,"stat.chestOpened":960,"stat.killEntity.primitivemobs.brain_slime":3,"stat.useItem.minecraft.stone":122,"stat.pickup.minecraft.arrow":249,"stat.pickup.minecraft.iron_sword":5,"stat.pickup.iceandfire.blindfold":1,"stat.killEntity.grimoireofgaia.cyan_flower":4,"stat.drop.minecraft.experience_bottle":5,"stat.killEntity.grimoireofgaia.cecaelia":1,"uvaraptor.kill":1,"stat.pickup.minecraft.gold_nugget":237,"stat.useItem.minecraft.clay":5,"geist.kill":9,"stat.craftItem.minecraft.coal":31,"stat.pickup.minecraft.carrot":6,"stat.drop.minecraft.stone_sword":1,"stat.crouchOneCm":246048,"stat.craftItem.minecraft.diamond":9,"stat.mineBlock.minecraft.chest":3,"stat.craftItem.exoticbirds.cooked_birdmeat":3,"stat.pickup.zawa.tortoise_shell":1,"stat.craftItem.minecraft.iron_ingot":91,"stat.drop.minecraft.slime_ball":2,"stat.craftingTableInteraction":230,"stat.drop.quark.tallow":3,"stat.pickup.minecraft.wooden_pickaxe":1,"stat.mineBlock.minecraft.log2":17,"stat.drop.minecraft.rabbit":1,"stat.pickup.minecraft.dye":199,"stat.pickup.minecraft.planks":315,"chupacabra.kill":9,"stat.craftItem.minecraft.diamond_shovel":1,"stat.pickup.minecraft.wheat_seeds":712,"stat.pickup.exoticbirds.vulture_egg":3,"stat.mineBlock.minecraft.glass":3,"stat.pickup.iceandfire.cyclops_eye":1,"stat.pickup.zawa.bush_meat_raw":2,"djinn.kill":1,"stat.mineBlock.minecraft.dirt":1402,"stat.pickup.minecraft.poisonous_potato":1,"stat.pickup.exoticbirds.flamingo_egg":1,"stat.drop.minecraft.paper":2,"stat.useItem.minecraft.bread":323,"stat.killEntity.primitivemobs.bewitched_tome":8,"stat.pickup.lycanitesmobs.geonachfist":3,"stat.drop.minecraft.rotten_flesh":87,"stat.useItem.minecraft.cobblestone":682,"stat.pickup.lycanitesmobs.embercharge":19,"stat.mineBlock.minecraft.double_plant":15,"stat.killEntity.grimoireofgaia.oni":3,"stat.useItem.valoegheses_be.berry_bush":2,"stat.pickup.minecraft.iron_pickaxe":3,"stat.craftItem.minecraft.gold_ingot":9,"stat.mineBlock.exoticbirds.nest":1,"stat.pickup.minecraft.chicken":1,"stat.drop.minecraft.gold_nugget":68,"stat.pickup.minecraft.apple":11,"stat.useItem.minecraft.fireworks":29,"stat.useItem.minecraft.glass_pane":8,"stat.drop.lycanitesmobs.sprigganroot":1,"stat.pickup.minecraft.coal_block":2,"stat.craftItem.minecraft.bucket":4,"stat.craftItem.minecraft.planks":1332,"stat.useItem.minecraft.iron_sword":1598,"stat.pickup.iceandfire.dragonscales_green":9,"stat.useItem.minecraft.stonebrick":14,"stat.pickup.minecraft.book":9,"stat.mineBlock.minecraft.log":617,"stat.craftItem.minecraft.wooden_door":6,"stat.useItem.minecraft.wooden_door":4,"stat.pickup.iceandfire.dragonbone":15,"stat.useItem.minecraft.spruce_door":20,"stat.pickup.minecraft.red_flower":105,"stat.pickup.minecraft.red_nether_brick":1,"stat.pickup.minecraft.wool":36,"ent.kill":7,"stat.craftItem.minecraft.spruce_door":21,"stat.cakeSlicesEaten":8,"stat.pickup.lycanitesmobs.sprigganheart":1,"stat.craftItem.minecraft.cooked_rabbit":2,"stat.craftItem.minecraft.diamond_leggings":1,"stat.useItem.minecraft.iron_axe":598,"stat.mineBlock.minecraft.cobblestone":115,"stat.mineBlock.minecraft.pumpkin":1,"stat.killEntity.gorgon":2,"stat.pickup.minecraft.flint":2,"stat.mineBlock.iceandfire.chared_stone":2,"stat.mineBlock.minecraft.yellow_flower":6,"stat.entityKilledBy.Witch":3,"stat.entityKilledBy.grimoireofgaia.cecaelia":2,"stat.pickup.minecraft.enchanted_book":25,"stat.drop.minecraft.cobblestone":59,"stat.useItem.minecraft.obsidian":1,"stat.useItem.chococraft.gysahl_green":180,"stat.useItem.minecraft.cookie":1,"stat.useItem.minecraft.stone_slab2":241,"stat.pickup.minecraft.bow":16,"stat.pickup.minecraft.iron_boots":1,"stat.craftItem.quark.stone_marble_stairs":192,"stat.craftItem.minecraft.furnace":4,"stat.useItem.minecraft.egg":6,"stat.craftItem.minecraft.iron_boots":4,"stat.pickup.minecraft.nether_wart_block":1,"stat.drop.minecraft.cooked_rabbit":2,"stat.useItem.exoticbirds.cooked_birdmeat":3,"stat.pickup.minecraft.shears":3,"stat.craftItem.minecraft.bow":8,"stat.pickup.quark.black_ash":5,"stat.mineBlock.minecraft.clay":2,"stat.pickup.minecraft.diamond_leggings":1,"stat.flyOneCm":7517756,"stat.pickup.minecraft.sandstone":7,"stat.timeSinceDeath":190822,"stat.drop.minecraft.spider_eye":2,"stat.useItem.minecraft.wooden_slab":413,"stat.craftItem.minecraft.iron_block":3,"stat.useItem.minecraft.potato":1,"stat.pickup.minecraft.chainmail_helmet":2,"stat.pickup.exoticbirds.mystery_egg":7,"stat.pickup.minecraft.spruce_fence":26,"stat.mineBlock.minecraft.coal_ore":258,"stat.pickup.zawa.bush_meat_cooked":1,"stat.pickup.minecraft.shield":6,"stat.killEntity.Creeper":2,"stat.craftItem.minecraft.stone_hoe":2,"stat.talkedToVillager":77,"stat.pickup.minecraft.string":160,"stat.pickup.lycanitesmobs.scorchfireballcharge":7,"grue.kill":3,"stat.entityKilledBy.Skeleton":15,"stat.drop.minecraft.obsidian":2,"stat.drop.minecraft.oak_stairs":1,"stat.mineBlock.valoegheses_be.log_zoesteria_palm_dark":6,"stat.sprintOneCm":5948720,"stat.useItem.minecraft.diamond_shovel":793,"stat.mineBlock.minecraft.stone_slab":16,"stat.pickup.minecraft.bone_block":99,"stat.pickup.minecraft.fireworks":77,"stat.mineBlock.minecraft.diamond_ore":1,"stat.useItem.minecraft.snowball":2,"stat.drop.minecraft.lava_bucket":1,"stat.pickup.minecraft.leather_leggings":2,"stat.mineBlock.quark.marble":2305,"stat.pickup.minecraft.vine":4,"stat.pickup.valoegheses_be.berry_bush":3,"stat.useItem.ancientwarfare.wooden_hammer":13,"stat.pickup.lycanitesmobs.uvaraptorskull":1,"stat.pickup.lycanitesmobs.immunizer":2,"stat.killEntity.Zombie":295,"stat.craftItem.minecraft.dye":1269,"stat.pickup.minecraft.snowball":11,"stat.pickup.iceandfire.chared_dirt":108,"stat.useItem.quark.stone_marble_stairs":215,"stat.craftItem.minecraft.diamond_axe":1,"stat.diveOneCm":241842,"stat.drop.minecraft.diamond_pickaxe":4,"stat.pickup.minecraft.wheat":800,"stat.mineBlock.minecraft.mossy_cobblestone":5,"gorgomite.kill":2,"stat.entityKilledBy.grimoireofgaia.flesh_lich":2,"stat.drop.minecraft.ladder":2,"stat.pickup.minecraft.obsidian":15,"stat.useItem.minecraft.rotten_flesh":4,"stat.craftItem.iceandfire.blindfold":2,"stat.craftItem.minecraft.diamond_sword":2,"stat.drop.minecraft.sandstone":3,"stat.jump":33232,"stat.useItem.minecraft.sand":12,"stat.pickup.minecraft.coal":359,"stat.pickup.minecraft.iron_ingot":48,"stat.drop.minecraft.diamond_sword":1,"stat.pickup.minecraft.gunpowder":41,"stat.pickup.iceandfire.chared_stone":37,"stat.craftItem.minecraft.torch":1124,"stat.pickup.minecraft.dirt":1605,"stat.drop.minecraft.iron_shovel":4,"roc.kill":5,"stat.pickup.lycanitesmobs.poisongland":2,"reaper.kill":21,"stat.pickup.minecraft.gold_ore":2,"stat.pickup.minecraft.cookie":1,"stat.pickup.minecraft.iron_axe":1,"stat.mineBlock.minecraft.glass_pane":5,"stat.damageTaken":142886,"stat.mineBlock.minecraft.torch":86,"stat.mineBlock.minecraft.melon_block":2,"stat.mineBlock.minecraft.red_flower":14,"stat.mineBlock.minecraft.sapling":1,"stat.pickup.minecraft.ender_eye":1,"stat.pickup.minecraft.log2":17,"stat.useItem.valoegheses_be.soil_waste":6,"stat.entityKilledBy.ZombieVillager":1,"stat.pickup.minecraft.bed":24,"stat.pickup.minecraft.potato":54,"stat.entityKilledBy.Zombie":16,"stat.pickup.lycanitesmobs.faeboltcharge":1,"stat.useItem.ancientwarfarenpc.food_bundle":2,"stat.pickup.exoticbirds.birdmeat":6,"stat.pickup.iceandfire.chared_grass":23,"stat.pickup.chococraft.ability_fruit":32,"stat.pickup.chococraft.gysahl_green":211,"stat.craftItem.quark.spruce_trapdoor":6,"stat.killEntity.Silverfish":4,"stat.craftItem.minecraft.stone_slab":84,"geonach.kill":17,"stat.useItem.exoticbirds.flamingo_egg":1,"stat.animalsBred":15,"stat.useItem.minecraft.chest":2,"stat.drop.minecraft.wheat":3,"stat.pickup.minecraft.diamond_pickaxe":3,"stat.entityKilledBy.grimoireofgaia.banshee":1,"stat.drop.everlastingabilities.ability_bottle":2,"stat.pickup.iceandfire.armor_gray_chestplate":2,"stat.useItem.minecraft.lava_bucket":16,"stat.useItem.minecraft.melon":11,"stat.craftItem.minecraft.wheat":225,"stat.drop.iceandfire.chared_dirt":71,"stat.useItem.quark.stone_marble_slab":5,"stat.craftItem.minecraft.iron_chestplate":2,"stat.pickup.minecraft.baked_potato":41,"stat.pickup.minecraft.ender_pearl":33,"stat.useItem.zawa.large_meat_cooked":1,"stat.pickup.minecraft.ladder":5,"stat.pickup.minecraft.cooked_beef":7,"stat.killEntity.Stray":1,"stat.mineBlock.minecraft.tnt":2,"stat.mineBlock.minecraft.stonebrick":25,"stat.killEntity.grimoireofgaia.harpy":4,"stat.mineBlock.minecraft.glowstone":1,"stat.mobKills":833,"stat.pickup.minecraft.diamond_boots":1,"stat.pickup.iceandfire.gorgon_head":2,"stat.useItem.minecraft.mossy_cobblestone":5,"stat.pickup.minecraft.diamond":55,"stat.pickup.minecraft.beetroot_seeds":1,"stat.drop.minecraft.spruce_stairs":1,"stat.pickup.minecraft.torch":234,"stat.craftItem.quark.world_stone_bricks":4,"stat.craftItem.minecraft.spruce_stairs":528,"stat.drop.minecraft.arrow":11,"stat.drop.iceandfire.chared_cobblestone":25,"stat.drop.exoticbirds.booby_egg":1,"stat.killEntity.grimoireofgaia.cyclops":2,"stat.pickup.grimoireofgaia.misc_soul_fire":2,"stat.useItem.minecraft.soul_sand":4,"stat.craftItem.minecraft.iron_axe":6,"stat.killEntity.Blaze":1,"ventoraptor.kill":3,"stat.drop.quark.glass_shards":3,"stat.useItem.minecraft.planks":164,"stat.pickup.valoegheses_be.sulphurrock":2,"stat.pickup.minecraft.golden_boots":1,"stat.pickup.minecraft.glowstone_dust":5,"stat.craftItem.iceandfire.armor_green_chestplate":1,"stat.pickup.minecraft.porkchop":4,"stat.pickup.minecraft.blaze_powder":21,"stat.pickup.minecraft.glass":6,"stat.pickup.lycanitesmobs.cooked_chupacabra_meat":1,"stat.useItem.minecraft.water_bucket":87,"stat.useItem.exoticbirds.booby_egg":1,"stat.mineBlock.minecraft.stone_brick_stairs":1,"stat.mineBlock.midnight.ghost_plant":1,"stat.pickup.minecraft.sand":18,"stat.entityKilledBy.Spider":2,"stat.entityKilledBy.primitivemobs.skeleton_warrior":8,"stat.pickup.grimoireofgaia.web_temp":1,"stat.drop.valoegheses_be.soil_waste":6,"stat.entityKilledBy.cyclops":3,"stat.pickup.midnight.nightshroom":1,"stat.pickup.lycanitesmobs.aquapulsecharge":1,"stat.useItem.minecraft.ender_pearl":8,"stat.entityKilledBy.firedragon":69,"stat.pickup.minecraft.chainmail_chestplate":2,"stat.mineBlock.minecraft.sand":19,"stat.pickup.iceandfire.ash":11,"stat.pickup.quark.marble":2403,"stat.craftItem.minecraft.cooked_fish":8,"stat.drop.minecraft.diamond":15,"stat.entityKilledBy.grimoireofgaia.satyress":2,"stat.craftItem.minecraft.golden_carrot":24,"stat.drop.dmonsters.entrailflesh":1,"stat.pickup.iceandfire.dragon_skull":1,"stat.entityKilledBy.grimoireofgaia.harpy":3,"stat.useItem.minecraft.cooked_mutton":47,"stat.pickup.minecraft.furnace":1,"aegis.kill":2,"stat.pickup.exoticbirds.crane_egg":1,"stat.pickup.minecraft.iron_chestplate":9,"stat.pickup.minecraft.skull":2,"stat.pickup.dmonsters.entrailflesh":1,"stat.drop.minecraft.pumpkin_seeds":2,"stat.mineBlock.iceandfire.ash":1,"stat.pickup.minecraft.stone_stairs":2,"afrit.kill":4,"stat.pickup.minecraft.pumpkin_seeds":8,"stat.pickup.minecraft.fermented_spider_eye":1,"stat.mineBlock.minecraft.soul_sand":9,"stat.drop.lycanitesmobs.reaperclaw":1,"stat.playOneMinute":1654948,"stat.pickup.minecraft.blaze_rod":7,"stat.drop.minecraft.string":1,"stat.mineBlock.valoegheses_be.ore_sulphur":2,"stat.pickup.iceandfire.armor_gray_leggings":1,"stat.pickup.minecraft.iron_bars":7,"stat.pickup.ancientwarfarenpc.coin":2,"stat.pickup.exoticbirds.owl_egg":1,"stat.pickup.minecraft.netherrack":6,"stat.pickup.minecraft.pumpkin":2,"stat.pickup.minecraft.spruce_door":9,"stat.useItem.minecraft.fish":1,"stat.craftItem.minecraft.carpet":3,"stat.mineBlock.minecraft.netherrack":6,"stat.craftItem.mca.engagement_ring":1,"stat.mineBlock.minecraft.gold_block":1,"stat.craftItem.minecraft.iron_hoe":1,"stat.useItem.minecraft.experience_bottle":7,"stat.fallOneCm":1179830,"stat.drop.minecraft.stone":1,"stat.drop.minecraft.dye":1,"stat.pickup.valoegheses_be.soil_waste":17,"stat.pickup.minecraft.melon_seeds":6,"stat.pickup.quark.slate":1,"stat.craftItem.minecraft.chest":5,"stat.drop.minecraft.book":1,"stat.pickup.minecraft.red_mushroom":2,"stat.pickup.minecraft.golden_leggings":1,"stat.pickup.minecraft.melon":11,"stat.useItem.minecraft.iron_hoe":69,"stat.mineBlock.minecraft.nether_wart_block":1,"jengu.kill":1,"stat.craftItem.quark.marble":456,"stat.pickup.primitivemobs.goblin_mace":4,"stat.pickup.minecraft.feather":46,"stat.drop.minecraft.bone":9,"stat.pickup.zawa.reptile_meat_cooked":1,"stat.mineBlock.minecraft.red_nether_brick":2,"gnekk.kill":1,"stat.pickup.zawa.raw_frog_leg":2,"stat.drop.lycanitesmobs.lifedraincharge":12,"stat.pickup.minecraft.iron_leggings":3,"stat.mineBlock.minecraft.spruce_fence":28,"tremor.kill":9,"stat.mineBlock.minecraft.gravel":15,"stat.useItem.minecraft.stone_pickaxe":215,"stat.craftItem.minecraft.iron_leggings":2,"stat.killEntity.primitivemobs.baby_spider":4,"stat.pickup.zawa.large_meat_cooked":2,"stat.drop.minecraft.stick":6,"stat.drop.minecraft.iron_axe":3,"stat.useItem.minecraft.torch":978,"stat.pickup.minecraft.golden_apple":5,"stat.pickup.minecraft.iron_nugget":17,"stat.pickup.minecraft.crafting_table":1,"stat.useItem.minecraft.log":9,"stat.pickup.lycanitesmobs.ventoraptorskull":1,"stat.craftItem.minecraft.crafting_table":12,"tpumpkyn.kill":2,"stat.mineBlock.quark.stone_speleothem":2,"stat.pickup.minecraft.iron_hoe":1,"stat.pickup.minecraft.log":659,"stat.useItem.minecraft.cooked_fish":12,"stat.drop.minecraft.stonebrick":5,"stat.useItem.quark.world_stone_bricks":4,"stat.drop.minecraft.planks":65,"stat.pickup.minecraft.web":5,"stat.killEntity.grimoireofgaia.nine_tails":1,"stat.pickup.minecraft.sapling":45,"stat.pickup.minecraft.wooden_door":5,"stat.pickup.iceandfire.dragonscales_gray":19,"stat.drop.minecraft.melon_seeds":2,"stat.useItem.exoticbirds.robin_egg":14,"stat.drop.minecraft.clay":6,"stat.drop.minecraft.bow":4,"stat.mineBlock.iceandfire.goldpile":25,"stat.pickup.minecraft.diamond_helmet":1,"stat.killEntity.WitherSkeleton":3,"stat.pickup.lycanitesmobs.lifedraincharge":30,"stat.craftItem.minecraft.cooked_chicken":4,"stat.useItem.minecraft.stone_hoe":75,"stat.pickup.valoegheses_be.log_zoesteria_palm_dark":6,"stat.drop.lycanitesmobs.cooked_chupacabra_meat":1,"stat.sneakTime":60470,"stat.mineBlock.minecraft.cobblestone_wall":3,"stat.pickup.minecraft.rabbit":1,"stat.useItem.minecraft.baked_potato":52,"stat.pickup.minecraft.stone_slab":112,"stat.drop.minecraft.yellow_flower":2,"stat.pickup.minecraft.yellow_flower":6,"stat.killEntity.grimoireofgaia.minotaurus":2,"stat.pickup.minecraft.chest":6,"stat.drop.minecraft.stone_pickaxe":1,"stat.drop.iceandfire.blindfold":1,"stat.pickup.minecraft.bone":280,"stat.horseOneCm":14860,"stat.pickup.valoegheses_be.soil_dry":5,"stat.entityKilledBy.midnight.rifter":1,"stat.pickup.exoticbirds.booby_egg":2,"stat.useItem.minecraft.diamond_sword":1161,"stat.drop.minecraft.iron_nugget":2,"stat.swimOneCm":349017,"stat.pickup.quark.glass_shards":9,"stat.climbOneCm":24774,"stat.mineBlock.minecraft.spruce_stairs":231,"stat.drop.lycanitesmobs.sprigganheart":1,"stat.pickup.dmonsters.dump":1,"stat.drop.minecraft.brown_mushroom":4,"stat.mineBlock.quark.marble_wall":4,"stat.useItem.minecraft.dirt":871,"stat.mineBlock.quark.marble_speleothem":5,"stat.useItem.exoticbirds.vulture_egg":3,"stat.pickup.zawa.bird_meat":5,"stat.pickup.lycanitesmobs.sprigganroot":2,"stat.entityKilledBy.Endermite":2,"stat.drop.minecraft.web":5,"stat.pickup.minecraft.anvil":1,"stat.craftItem.minecraft.trapdoor":6,"stat.drop.minecraft.ender_pearl":9,"stat.craftItem.minecraft.stone_pickaxe":3,"stat.pickup.exoticbirds.cardinal_egg":2,"stat.pickup.everlastingabilities.ability_totem":11,"stat.pickup.minecraft.cobblestone":1681,"stat.mineBlock.minecraft.carpet":3,"stat.pickup.minecraft.gold_block":1,"stat.useItem.minecraft.stone_shovel":36,"stat.useItem.exoticbirds.owl_egg":1,"stat.pickup.minecraft.clay":40,"stat.pickup.minecraft.soul_sand":45,"stat.drop.minecraft.wheat_seeds":7,"stat.useItem.minecraft.cooked_beef":54,"stat.craftItem.minecraft.wooden_slab":438,"stat.drop.minecraft.clay_ball":4,"stat.pickup.minecraft.redstone":65,"stat.mineBlock.minecraft.iron_ore":52,"stat.pickup.minecraft.mutton":15,"stat.pickup.minecraft.mossy_cobblestone":9,"stat.drop.minecraft.coal":13,"stat.mineBlock.midnight.shadowroot_log":1,"stat.pickup.minecraft.cake":3,"stat.pickup.minecraft.wooden_axe":1,"stat.pickup.minecraft.stonebrick":111,"stat.useItem.exoticbirds.pigeon_egg":4,"stat.drop.quark.marble":5,"stat.pickup.exoticbirds.robin_egg":15,"stat.drop.minecraft.dirt":107,"stat.pickup.minecraft.iron_shovel":4,"stat.pickup.minecraft.trapdoor":3,"stat.pickup.minecraft.carpet":3,"stat.pickup.lycanitesmobs.whirlwindcharge":10,"stat.pickup.midnight.ghost_plant":1,"stat.mineBlock.minecraft.nether_brick":57,"stat.useItem.exoticbirds.crane_egg":1,"stat.drop.minecraft.log2":2,"stat.entityKilledBy.primitivemobs.baby_spider":1,"stat.craftItem.minecraft.stone_slab2":0,"stat.useItem.quark.marble_speleothem":10,"stat.useItem.minecraft.spruce_fence":80,"stat.pickup.minecraft.paper":3,"stat.craftItem.minecraft.stick":456,"stat.useItem.minecraft.stone_slab":46,"stat.craftItem.midnight.shadowroot_planks":4,"stat.craftItem.minecraft.stone":169,"stat.craftItem.minecraft.gold_nugget":135,"stat.useItem.minecraft.diamond_pickaxe":2744,"stat.useItem.minecraft.carrot":2,"stat.craftItem.iceandfire.armor_gray_chestplate":2,"stat.useItem.minecraft.wooden_shovel":173,"stat.pickup.minecraft.diamond_chestplate":1,"stat.mineBlock.quark.world_stone_bricks":5,"stat.pickup.chococraft.gysahl_green_seeds":173,"stat.entityKilledBy.Creeper":8,"stat.mineBlock.minecraft.planks":156,"stat.drop":253,"stat.killEntity.cyclops":1,"stat.killEntity.Sheep":9,"stat.useItem.iceandfire.chared_cobblestone":1,"stat.pickup.minecraft.slime_ball":16,"stat.mineBlock.midnight.nightshroom":1,"stat.drop.minecraft.iron_boots":1,"stat.craftItem.minecraft.diamond_pickaxe":2,"stat.killEntity.primitivemobs.treasure_slime":3,"stat.killEntity.primitivemobs.haunted_tool":1,"stat.drop.minecraft.bread":6,"stat.craftItem.valoegheses_be.planks_zoesteria_palm":24,"stat.drop.lycanitesmobs.raw_chupacabra_meat":1,"stat.useItem.valoegheses_be.soil_dry":3,"stat.drop.minecraft.wooden_pickaxe":1,"stat.pickup.minecraft.gravel":12,"stat.drop.minecraft.cooked_beef":3,"stat.killEntity.Slime":2,"stat.mineBlock.minecraft.anvil":1,"stat.useItem.minecraft.diamond_axe":859,"stat.mineBlock.valoegheses_be.bush_small":3,"stat.useItem.minecraft.apple":29,"stat.mineBlock.minecraft.deadbush":1,"stat.useItem.minecraft.porkchop":4,"stat.useItem.minecraft.carpet":3,"stat.useItem.minecraft.potion":1,"stat.pickup.minecraft.stone_brick_stairs":1,"stat.pickup.minecraft.diamond_sword":4,"stat.pickup.everlastingabilities.ability_bottle":4,"stat.pickup.minecraft.fence":60,"stat.pickup.minecraft.iron_helmet":4,"stat.useItem.minecraft.stone_axe":76,"stat.craftItem.minecraft.bread":330,"stat.entityKilledBy.CaveSpider":4,"stat.pickup.minecraft.spider_eye":40,"stat.killEntity.primitivemobs.goblin":14,"stat.craftItem.minecraft.iron_helmet":3,"stat.drop.minecraft.bed":1,"stat.useItem.minecraft.cooked_chicken":24,"stat.pickup.minecraft.iron_ore":80,"stat.drop.iceandfire.chared_stone":19,"stat.pickup.quark.stone_marble_stairs":92,"stat.drop.iceandfire.chared_grass":9,"stat.mineBlock.mca.rose_gold_ore":1,"stat.useItem.exoticbirds.bluejay_egg":8,"stat.mineBlock.minecraft.iron_bars":11,"stat.mineBlock.minecraft.leaves2":5,"stat.drop.zawa.worm":1,"stat.pickup.minecraft.leather":24,"stat.dispenserInspected":3,"stat.useItem.minecraft.wooden_pickaxe":56,"stat.mineBlock.minecraft.mycelium":1,"stat.useItem.quark.spruce_trapdoor":4,"stat.pickup.quark.marble_wall":3,"stat.killEntity.CaveSpider":57,"stat.drop.chococraft.gysahl_green":1,"stat.entityKilledBy.grimoireofgaia.minotaur":1,"stat.pickup.minecraft.oak_stairs":1,"stat.damageDealt":155323,"stat.craftItem.minecraft.glass":6,"stat.sleepInBed":109,"stat.craftItem.minecraft.anvil":1,"stat.craftItem.minecraft.baked_potato":42,"stat.mineBlock.minecraft.nether_brick_stairs":1,"stat.mineBlock.quark.roots_blue_flower":1,"stat.killEntity.Pig":2,"stat.craftItem.minecraft.iron_sword":2,"stat.craftItem.minecraft.stone_shovel":1,"stat.walkOneCm":4812631,"stat.playerKills":5,"stat.drop.iceandfire.armor_gray_chestplate":1,"stat.pickup.minecraft.stick":58,"stat.craftItem.quark.custom_chest":3,"argus.kill":1,"stat.pickup.minecraft.clay_ball":9,"stat.drop.minecraft.vine":3,"spriggan.kill":9,"stat.craftItem.minecraft.diamond_boots":1,"stat.pickup.quark.root_flower":2,"stat.pickup.minecraft.tnt":2,"stat.entityKilledBy.grimoireofgaia.minotaurus":4,"stat.drop.minecraft.iron_chestplate":1,"stat.pickup.minecraft.stone":179,"stat.useItem.minecraft.spruce_stairs":644,"stat.killEntity.grimoireofgaia.dullahan":1,"stat.drop.minecraft.emerald":1,"stat.pickup.minecraft.chorus_fruit":5,"stat.drop.chococraft.gysahl_green_seeds":19,"stat.pickup.minecraft.gold_ingot":27,"stat.pickup.lycanitesmobs.reaperclaw":2,"stat.killEntity.Skeleton":125,"stat.drop.iceandfire.ash":9,"stat.killEntity.Chicken":1,"stat.drop.everlastingabilities.ability_totem":1,"stat.killEntity.Spider":53,"stat.pickup.minecraft.bread":41,"stat.mineBlock.minecraft.quartz_ore":4,"stat.pickup.quark.world_stone_bricks":5,"stat.craftItem.minecraft.spruce_fence":90,"stat.pickup.minecraft.quartz":85,"stat.useItem.minecraft.golden_apple":22,"stat.pickup.minecraft.golden_shovel":1,"cinder.kill":5,"stat.mineBlock.minecraft.leaves":371,"stat.pickup.minecraft.spruce_stairs":242,"spectre.kill":1,"stat.pickup.lycanitesmobs.acidsplashcharge":6,"stat.pickup.minecraft.lava_bucket":1,"stat.mineBlock.minecraft.bone_block":37,"stat.mineBlock.valoegheses_be.leaves_ocean_palm":1,"stat.mineBlock.minecraft.hay_block":24,"stat.drop.zawa.care_guide":1,"stat.mineBlock.minecraft.stone":1045,"stat.mineBlock.valoegheses_be.soil_waste":12,"stat.useItem.minecraft.sandstone":1,"stat.craftItem.quark.stone_marble_slab":6}