{"stat.useItem.minecraft.bow":54,"stat.pickup.lycanitesmobs.chaosorbcharge":4,"stat.pickup.exoticbirds.bluejay_egg":11,"stat.leaveGame":14,"stat.useItem.minecraft.soul_sand":4,"stat.craftItem.minecraft.iron_axe":1,"stat.useItem.zawa.bird_meat_cooked":1,"stat.mineBlock.minecraft.sandstone":3,"stat.drop.minecraft.enchanted_book":1,"stat.pickup.zawa.worm":2,"stat.drop.quark.glass_shards":3,"stat.craftItem.minecraft.shield":2,"stat.useItem.minecraft.planks":3,"stat.drop.minecraft.feather":14,"stat.craftItem.iceandfire.armor_green_chestplate":1,"stat.pickup.minecraft.porkchop":4,"stat.pickup.lycanitesmobs.cooked_chupacabra_meat":1,"stat.useItem.minecraft.water_bucket":25,"stat.killEntity.primitivemobs.skeleton_warrior":1,"stat.pickup.minecraft.rotten_flesh":112,"stat.mineBlock.midnight.ghost_plant":1,"stat.pickup.exoticbirds.eggshell":4,"stat.craftItem.minecraft.stone_axe":2,"stat.entityKilledBy.primitivemobs.skeleton_warrior":1,"stat.drop.minecraft.leather_boots":1,"stat.pickup.iceandfire.chared_cobblestone":1,"stat.pickup.minecraft.cobblestone_wall":7,"stat.pickup.minecraft.bucket":1,"stat.drop.valoegheses_be.soil_waste":6,"stat.entityKilledBy.cyclops":2,"stat.pickup.midnight.nightshroom":1,"stat.pickup.minecraft.leather_boots":1,"stat.pickup.midnight.shadowroot_log":1,"stat.useItem.minecraft.ender_pearl":6,"stat.entityKilledBy.firedragon":67,"stat.pickup.minecraft.brown_mushroom":2,"stat.pickup.quark.tallow":3,"stat.useItem.minecraft.iron_pickaxe":70,"stat.craftItem.minecraft.wooden_pickaxe":4,"stat.drop.minecraft.cooked_mutton":4,"stat.craftItem.minecraft.bed":2,"stat.entityKilledBy.grimoireofgaia.satyress":1,"stat.mineBlock.minecraft.vine":1,"banshee.kill":14,"stat.pickup.minecraft.wooden_shovel":1,"stat.furnaceInteraction":33,"stat.drop.dmonsters.entrailflesh":1,"stat.killEntity.ZombieVillager":1,"stat.pickup.iceandfire.dragon_skull":1,"stat.entityKilledBy.grimoireofgaia.harpy":1,"xaphan.kill":2,"stat.drop.minecraft.red_flower":10,"stat.useItem.minecraft.cooked_mutton":3,"stat.pickup.minecraft.furnace":1,"stat.craftItem.zawa.bird_meat_cooked":1,"stat.pickup.lycanitesmobs.spectralboltcharge":7,"stat.pickup.exoticbirds.pigeon_egg":1,"stat.pickup.minecraft.hay_block":23,"stat.pickup.dmonsters.entrailflesh":1,"stat.drop.minecraft.pumpkin_seeds":2,"stat.useItem.minecraft.wheat_seeds":23,"stat.pickup.minecraft.pumpkin_seeds":3,"stat.pickup.minecraft.emerald":2,"stat.mineBlock.minecraft.soul_sand":1,"stat.useItem.minecraft.dye":142,"stat.drop.lycanitesmobs.embercharge":2,"stat.deaths":228,"stat.pickup.lycanitesmobs.geistliver":4,"stat.pickup.zawa.fur":1,"stat.killEntity.primitivemobs.rocket_creeper":1,"stat.playOneMinute":386214,"stat.entityKilledBy.grimoireofgaia.dullahan":1,"stat.pickup.minecraft.blaze_rod":1,"stat.craftItem.minecraft.wooden_shovel":4,"stat.drop.minecraft.string":1,"stat.craftItem.minecraft.iron_pickaxe":2,"stat.pickup.zawa.care_guide":3,"stat.entityKilledBy.grimoireofgaia.creep":1,"stat.craftItem.minecraft.cooked_mutton":7,"stat.mineBlock.minecraft.tallgrass":2,"stat.chestOpened":143,"stat.pickup.minecraft.pumpkin":1,"stat.useItem.minecraft.stone":5,"stat.pickup.minecraft.arrow":87,"stat.pickup.minecraft.iron_sword":2,"stat.pickup.minecraft.gold_nugget":4,"geist.kill":4,"stat.craftItem.minecraft.coal":18,"stat.fallOneCm":516842,"stat.pickup.valoegheses_be.soil_waste":17,"stat.pickup.minecraft.melon_seeds":2,"stat.crouchOneCm":15411,"stat.craftItem.exoticbirds.cooked_birdmeat":3,"stat.pickup.zawa.tortoise_shell":1,"stat.craftItem.minecraft.iron_ingot":20,"stat.drop.minecraft.book":1,"stat.pickup.minecraft.melon":11,"stat.drop.minecraft.slime_ball":2,"stat.craftingTableInteraction":69,"stat.drop.quark.tallow":3,"stat.pickup.primitivemobs.goblin_mace":1,"stat.pickup.minecraft.wooden_pickaxe":1,"stat.mineBlock.minecraft.log2":13,"stat.pickup.minecraft.feather":19,"stat.pickup.zawa.reptile_meat_cooked":1,"stat.pickup.minecraft.dye":6,"stat.pickup.minecraft.planks":61,"chupacabra.kill":1,"stat.drop.lycanitesmobs.lifedraincharge":3,"stat.pickup.minecraft.wheat_seeds":139,"stat.useItem.minecraft.stone_pickaxe":177,"stat.mineBlock.minecraft.glass":3,"stat.craftItem.minecraft.iron_leggings":2,"stat.pickup.zawa.bush_meat_raw":1,"stat.mineBlock.minecraft.dirt":184,"stat.pickup.zawa.large_meat_cooked":2,"stat.drop.minecraft.stick":2,"stat.pickup.exoticbirds.flamingo_egg":1,"stat.useItem.minecraft.bread":86,"stat.useItem.minecraft.torch":166,"stat.killEntity.primitivemobs.bewitched_tome":4,"stat.pickup.minecraft.iron_nugget":3,"stat.drop.minecraft.rotten_flesh":32,"stat.useItem.minecraft.cobblestone":118,"stat.craftItem.minecraft.crafting_table":4,"stat.pickup.lycanitesmobs.embercharge":17,"tpumpkyn.kill":1,"stat.pickup.minecraft.iron_hoe":1,"stat.pickup.minecraft.log":30,"stat.mineBlock.exoticbirds.nest":1,"stat.pickup.minecraft.wooden_door":1,"stat.pickup.iceandfire.dragonscales_gray":19,"stat.pickup.minecraft.apple":1,"stat.drop.minecraft.melon_seeds":2,"stat.useItem.minecraft.fireworks":29,"stat.useItem.exoticbirds.robin_egg":14,"stat.drop.minecraft.bow":1,"stat.drop.lycanitesmobs.sprigganroot":1,"stat.pickup.minecraft.coal_block":2,"stat.craftItem.minecraft.bucket":2,"stat.craftItem.minecraft.planks":128,"stat.useItem.minecraft.iron_sword":202,"stat.pickup.iceandfire.dragonscales_green":9,"stat.pickup.lycanitesmobs.lifedraincharge":15,"stat.useItem.minecraft.stonebrick":6,"stat.pickup.minecraft.book":3,"stat.mineBlock.minecraft.log":29,"stat.craftItem.minecraft.wooden_door":6,"stat.useItem.minecraft.stone_hoe":23,"stat.useItem.minecraft.wooden_door":3,"stat.pickup.valoegheses_be.log_zoesteria_palm_dark":6,"stat.pickup.iceandfire.dragonbone":15,"stat.drop.lycanitesmobs.cooked_chupacabra_meat":1,"stat.pickup.minecraft.red_flower":40,"stat.sneakTime":3975,"stat.pickup.minecraft.wool":6,"stat.mineBlock.minecraft.cobblestone_wall":2,"stat.pickup.minecraft.stone_slab":14,"stat.drop.minecraft.stone_pickaxe":1,"stat.cakeSlicesEaten":4,"stat.pickup.minecraft.bone":95,"stat.pickup.lycanitesmobs.sprigganheart":1,"stat.craftItem.minecraft.cooked_rabbit":2,"stat.horseOneCm":14860,"stat.useItem.minecraft.iron_axe":29,"stat.pickup.valoegheses_be.soil_dry":1,"stat.mineBlock.minecraft.cobblestone":23,"stat.mineBlock.iceandfire.chared_stone":2,"stat.entityKilledBy.Witch":1,"stat.useItem.minecraft.diamond_sword":431,"stat.drop.minecraft.iron_nugget":2,"stat.swimOneCm":40657,"stat.pickup.quark.glass_shards":9,"stat.climbOneCm":22396,"stat.pickup.minecraft.enchanted_book":10,"stat.drop.minecraft.cobblestone":53,"stat.drop.lycanitesmobs.sprigganheart":1,"stat.useItem.chococraft.gysahl_green":115,"stat.useItem.minecraft.dirt":90,"stat.useItem.minecraft.stone_slab2":48,"stat.pickup.minecraft.bow":6,"stat.pickup.zawa.bird_meat":2,"stat.pickup.lycanitesmobs.sprigganroot":2,"stat.entityKilledBy.Endermite":2,"stat.craftItem.minecraft.furnace":1,"stat.craftItem.minecraft.iron_boots":2,"stat.drop.minecraft.ender_pearl":1,"stat.drop.minecraft.cooked_rabbit":2,"stat.craftItem.minecraft.stone_pickaxe":2,"stat.useItem.exoticbirds.cooked_birdmeat":3,"stat.pickup.everlastingabilities.ability_totem":6,"stat.pickup.minecraft.cobblestone":257,"stat.flyOneCm":2713122,"stat.pickup.minecraft.soul_sand":40,"stat.pickup.minecraft.sandstone":5,"stat.drop.minecraft.wheat_seeds":3,"stat.useItem.minecraft.cooked_beef":3,"stat.mineBlock.minecraft.iron_ore":20,"stat.timeSinceDeath":636,"stat.drop.minecraft.spider_eye":1,"stat.pickup.minecraft.mossy_cobblestone":1,"stat.mineBlock.midnight.shadowroot_log":1,"stat.pickup.minecraft.cake":3,"stat.pickup.minecraft.stonebrick":60,"stat.useItem.exoticbirds.pigeon_egg":1,"stat.pickup.exoticbirds.mystery_egg":1,"stat.pickup.exoticbirds.robin_egg":14,"stat.drop.minecraft.dirt":2,"stat.mineBlock.minecraft.coal_ore":30,"stat.pickup.zawa.bush_meat_cooked":1,"stat.pickup.midnight.ghost_plant":1,"stat.craftItem.minecraft.stone_hoe":1,"stat.talkedToVillager":1,"stat.pickup.minecraft.string":35,"stat.entityKilledBy.Skeleton":10,"stat.craftItem.minecraft.stone_slab2":0,"stat.drop.minecraft.obsidian":1,"stat.drop.minecraft.oak_stairs":1,"stat.mineBlock.valoegheses_be.log_zoesteria_palm_dark":6,"stat.sprintOneCm":1604152,"stat.mineBlock.minecraft.stone_slab":9,"stat.craftItem.minecraft.stick":100,"stat.craftItem.midnight.shadowroot_planks":4,"stat.pickup.minecraft.fireworks":77,"stat.mineBlock.minecraft.diamond_ore":1,"stat.craftItem.iceandfire.armor_gray_chestplate":2,"stat.useItem.minecraft.wooden_shovel":126,"stat.pickup.chococraft.gysahl_green_seeds":123,"stat.entityKilledBy.Creeper":3,"stat.pickup.minecraft.vine":4,"stat.mineBlock.minecraft.planks":48,"stat.pickup.valoegheses_be.berry_bush":1,"stat.drop":96,"stat.useItem.ancientwarfare.wooden_hammer":10,"stat.pickup.minecraft.slime_ball":9,"stat.mineBlock.midnight.nightshroom":1,"stat.craftItem.minecraft.diamond_pickaxe":1,"stat.killEntity.primitivemobs.treasure_slime":3,"stat.killEntity.Zombie":83,"stat.craftItem.minecraft.dye":150,"stat.pickup.minecraft.snowball":3,"stat.killEntity.primitivemobs.haunted_tool":1,"stat.drop.minecraft.bread":3,"stat.craftItem.valoegheses_be.planks_zoesteria_palm":24,"stat.pickup.iceandfire.chared_dirt":6,"stat.diveOneCm":87830,"stat.pickup.minecraft.wheat":142,"stat.drop.minecraft.wooden_pickaxe":1,"stat.drop.minecraft.cooked_beef":3,"stat.killEntity.Slime":2,"stat.drop.minecraft.ladder":2,"stat.useItem.minecraft.apple":4,"stat.pickup.minecraft.obsidian":3,"stat.useItem.minecraft.porkchop":4,"stat.useItem.minecraft.rotten_flesh":1,"stat.pickup.everlastingabilities.ability_bottle":4,"stat.craftItem.minecraft.diamond_sword":2,"stat.drop.minecraft.sandstone":3,"stat.jump":10168,"stat.pickup.minecraft.coal":35,"stat.pickup.minecraft.iron_helmet":1,"stat.pickup.minecraft.iron_ingot":13,"stat.useItem.minecraft.stone_axe":76,"stat.craftItem.minecraft.bread":73,"stat.pickup.minecraft.gunpowder":1,"stat.entityKilledBy.CaveSpider":2,"stat.pickup.iceandfire.chared_stone":3,"stat.pickup.minecraft.spider_eye":11,"stat.craftItem.minecraft.torch":164,"stat.killEntity.primitivemobs.goblin":5,"stat.pickup.minecraft.dirt":209,"stat.craftItem.minecraft.iron_helmet":2,"stat.useItem.minecraft.cooked_chicken":4,"stat.pickup.minecraft.iron_ore":20,"stat.drop.iceandfire.chared_grass":1,"stat.useItem.exoticbirds.bluejay_egg":8,"roc.kill":3,"reaper.kill":4,"stat.mineBlock.minecraft.leaves2":2,"stat.damageTaken":76954,"stat.pickup.minecraft.leather":4,"stat.mineBlock.minecraft.torch":31,"stat.mineBlock.minecraft.melon_block":2,"stat.mineBlock.minecraft.red_flower":8,"stat.dispenserInspected":2,"stat.useItem.minecraft.wooden_pickaxe":56,"stat.mineBlock.minecraft.mycelium":1,"stat.pickup.minecraft.log2":13,"stat.useItem.valoegheses_be.soil_waste":6,"stat.killEntity.CaveSpider":11,"stat.pickup.minecraft.bed":9,"stat.drop.chococraft.gysahl_green":1,"stat.pickup.minecraft.oak_stairs":1,"stat.entityKilledBy.Zombie":6,"stat.pickup.exoticbirds.birdmeat":5,"stat.damageDealt":38678,"stat.pickup.iceandfire.chared_grass":9,"stat.sleepInBed":27,"stat.pickup.chococraft.ability_fruit":2,"stat.pickup.chococraft.gysahl_green":131,"stat.killEntity.Silverfish":3,"stat.killEntity.Pig":2,"stat.craftItem.minecraft.iron_sword":1,"geonach.kill":1,"stat.walkOneCm":971161,"stat.playerKills":1,"stat.drop.iceandfire.armor_gray_chestplate":1,"stat.drop.minecraft.wheat":1,"stat.pickup.minecraft.stick":33,"stat.craftItem.quark.custom_chest":3,"stat.entityKilledBy.grimoireofgaia.banshee":1,"argus.kill":1,"stat.pickup.minecraft.clay_ball":1,"stat.drop.minecraft.vine":3,"spriggan.kill":4,"stat.drop.everlastingabilities.ability_bottle":2,"stat.useItem.minecraft.lava_bucket":16,"stat.useItem.minecraft.melon":11,"stat.craftItem.minecraft.wheat":81,"stat.drop.iceandfire.chared_dirt":5,"stat.entityKilledBy.grimoireofgaia.minotaurus":2,"stat.drop.minecraft.iron_chestplate":1,"stat.pickup.minecraft.stone":8,"stat.craftItem.minecraft.iron_chestplate":1,"stat.drop.minecraft.emerald":1,"stat.pickup.minecraft.ender_pearl":17,"stat.useItem.zawa.large_meat_cooked":1,"stat.pickup.minecraft.ladder":5,"stat.drop.chococraft.gysahl_green_seeds":11,"stat.killEntity.Skeleton":36,"stat.mineBlock.minecraft.stonebrick":7,"stat.drop.everlastingabilities.ability_totem":1,"stat.killEntity.Spider":15,"stat.pickup.minecraft.bread":11,"stat.killEntity.grimoireofgaia.harpy":1,"stat.mobKills":243,"cinder.kill":4,"stat.pickup.minecraft.diamond":6,"stat.mineBlock.minecraft.leaves":5,"stat.pickup.minecraft.torch":37,"stat.pickup.lycanitesmobs.acidsplashcharge":4,"stat.drop.minecraft.arrow":7,"stat.mineBlock.valoegheses_be.leaves_ocean_palm":1,"stat.mineBlock.minecraft.hay_block":15,"stat.drop.zawa.care_guide":1,"stat.mineBlock.minecraft.stone":169,"stat.mineBlock.valoegheses_be.soil_waste":12}