{"stat.drop.minecraft.stone_pickaxe":1,"stat.useItem.minecraft.bow":16,"stat.pickup.minecraft.bone":23,"stat.pickup.lycanitesmobs.sprigganheart":1,"stat.horseOneCm":14860,"stat.pickup.exoticbirds.bluejay_egg":8,"stat.leaveGame":2,"stat.pickup.valoegheses_be.soil_dry":1,"stat.mineBlock.minecraft.cobblestone":23,"stat.useItem.minecraft.soul_sand":4,"stat.drop.minecraft.iron_nugget":2,"stat.mineBlock.minecraft.sandstone":3,"stat.swimOneCm":19039,"stat.pickup.zawa.worm":1,"stat.pickup.quark.glass_shards":3,"stat.drop.quark.glass_shards":3,"stat.climbOneCm":20726,"stat.pickup.minecraft.enchanted_book":5,"stat.craftItem.minecraft.shield":1,"stat.drop.minecraft.cobblestone":53,"stat.drop.minecraft.feather":5,"stat.craftItem.iceandfire.armor_green_chestplate":1,"stat.useItem.chococraft.gysahl_green":62,"stat.useItem.minecraft.stone_slab2":27,"stat.pickup.minecraft.bow":3,"stat.useItem.minecraft.water_bucket":1,"stat.killEntity.primitivemobs.skeleton_warrior":1,"stat.pickup.minecraft.rotten_flesh":21,"stat.mineBlock.midnight.ghost_plant":1,"stat.entityKilledBy.Endermite":1,"stat.craftItem.minecraft.furnace":1,"stat.pickup.exoticbirds.eggshell":4,"stat.craftItem.minecraft.stone_axe":2,"stat.entityKilledBy.primitivemobs.skeleton_warrior":1,"stat.craftItem.minecraft.iron_boots":1,"stat.drop.minecraft.ender_pearl":1,"stat.craftItem.minecraft.stone_pickaxe":2,"stat.useItem.exoticbirds.cooked_birdmeat":3,"stat.pickup.everlastingabilities.ability_totem":1,"stat.pickup.minecraft.cobblestone":191,"stat.drop.valoegheses_be.soil_waste":6,"stat.pickup.midnight.nightshroom":1,"stat.pickup.midnight.shadowroot_log":1,"stat.flyOneCm":1524301,"stat.pickup.minecraft.soul_sand":40,"stat.useItem.minecraft.ender_pearl":4,"stat.pickup.minecraft.sandstone":5,"stat.entityKilledBy.firedragon":57,"stat.pickup.minecraft.brown_mushroom":2,"stat.mineBlock.minecraft.iron_ore":20,"stat.timeSinceDeath":642,"stat.craftItem.minecraft.wooden_pickaxe":3,"stat.craftItem.minecraft.bed":2,"stat.mineBlock.midnight.shadowroot_log":1,"stat.pickup.minecraft.cake":3,"stat.mineBlock.minecraft.vine":1,"stat.pickup.minecraft.stonebrick":13,"banshee.kill":11,"stat.useItem.exoticbirds.pigeon_egg":1,"stat.furnaceInteraction":18,"stat.pickup.exoticbirds.robin_egg":14,"stat.drop.minecraft.dirt":2,"stat.drop.dmonsters.entrailflesh":1,"stat.killEntity.ZombieVillager":1,"stat.mineBlock.minecraft.coal_ore":18,"stat.pickup.zawa.bush_meat_cooked":1,"stat.pickup.midnight.ghost_plant":1,"stat.craftItem.minecraft.stone_hoe":1,"stat.entityKilledBy.grimoireofgaia.harpy":1,"xaphan.kill":1,"stat.pickup.minecraft.string":3,"stat.entityKilledBy.Skeleton":4,"stat.craftItem.minecraft.stone_slab2":0,"stat.pickup.lycanitesmobs.spectralboltcharge":2,"stat.pickup.exoticbirds.pigeon_egg":1,"stat.drop.minecraft.oak_stairs":1,"stat.sprintOneCm":670387,"stat.mineBlock.minecraft.stone_slab":9,"stat.craftItem.minecraft.stick":48,"stat.pickup.dmonsters.entrailflesh":1,"stat.drop.minecraft.pumpkin_seeds":2,"stat.craftItem.midnight.shadowroot_planks":4,"stat.pickup.minecraft.fireworks":77,"stat.useItem.minecraft.wheat_seeds":23,"stat.pickup.minecraft.pumpkin_seeds":3,"stat.pickup.minecraft.emerald":1,"stat.mineBlock.minecraft.soul_sand":1,"stat.useItem.minecraft.dye":37,"stat.pickup.chococraft.gysahl_green_seeds":89,"stat.entityKilledBy.Creeper":1,"stat.pickup.minecraft.vine":1,"stat.mineBlock.minecraft.planks":47,"stat.deaths":176,"stat.pickup.valoegheses_be.berry_bush":1,"stat.drop":35,"stat.useItem.ancientwarfare.wooden_hammer":10,"stat.playOneMinute":182976,"stat.entityKilledBy.grimoireofgaia.dullahan":1,"stat.drop.minecraft.string":1,"stat.pickup.minecraft.slime_ball":5,"stat.mineBlock.midnight.nightshroom":1,"stat.killEntity.primitivemobs.treasure_slime":3,"stat.killEntity.Zombie":8,"stat.pickup.zawa.care_guide":2,"stat.craftItem.minecraft.dye":42,"stat.pickup.iceandfire.chared_dirt":6,"stat.entityKilledBy.grimoireofgaia.creep":1,"stat.diveOneCm":13871,"stat.pickup.minecraft.wheat":62,"stat.chestOpened":53,"stat.pickup.minecraft.pumpkin":1,"stat.useItem.minecraft.stone":5,"stat.drop.minecraft.wooden_pickaxe":1,"stat.pickup.minecraft.arrow":30,"stat.pickup.minecraft.iron_sword":2,"stat.killEntity.Slime":2,"stat.useItem.minecraft.apple":2,"stat.useItem.minecraft.rotten_flesh":1,"stat.pickup.everlastingabilities.ability_bottle":3,"stat.drop.minecraft.sandstone":3,"stat.jump":5167,"stat.pickup.minecraft.coal":22,"stat.fallOneCm":377080,"stat.pickup.minecraft.iron_ingot":6,"stat.useItem.minecraft.stone_axe":75,"stat.pickup.valoegheses_be.soil_waste":15,"stat.craftItem.minecraft.bread":18,"stat.crouchOneCm":6563,"stat.craftItem.exoticbirds.cooked_birdmeat":3,"stat.pickup.zawa.tortoise_shell":1,"stat.craftItem.minecraft.torch":40,"stat.craftItem.minecraft.iron_ingot":20,"stat.killEntity.primitivemobs.goblin":3,"stat.pickup.minecraft.dirt":4,"stat.craftItem.minecraft.iron_helmet":1,"stat.pickup.minecraft.melon":11,"stat.craftingTableInteraction":29,"stat.pickup.minecraft.iron_ore":20,"stat.drop.iceandfire.chared_grass":1,"stat.useItem.exoticbirds.bluejay_egg":8,"roc.kill":3,"stat.pickup.primitivemobs.goblin_mace":1,"stat.pickup.minecraft.wooden_pickaxe":1,"stat.damageTaken":57080,"stat.pickup.minecraft.leather":4,"stat.pickup.minecraft.feather":7,"stat.pickup.zawa.reptile_meat_cooked":1,"stat.mineBlock.minecraft.torch":20,"stat.mineBlock.minecraft.melon_block":2,"stat.dispenserInspected":2,"stat.useItem.minecraft.wooden_pickaxe":40,"stat.mineBlock.minecraft.mycelium":1,"stat.pickup.minecraft.dye":6,"stat.pickup.minecraft.planks":50,"chupacabra.kill":1,"stat.useItem.valoegheses_be.soil_waste":6,"stat.pickup.minecraft.bed":7,"stat.drop.chococraft.gysahl_green":1,"stat.pickup.minecraft.wheat_seeds":73,"stat.pickup.minecraft.oak_stairs":1,"stat.entityKilledBy.Zombie":1,"stat.useItem.minecraft.stone_pickaxe":177,"stat.mineBlock.minecraft.glass":1,"stat.pickup.exoticbirds.birdmeat":5,"stat.craftItem.minecraft.iron_leggings":1,"stat.damageDealt":12806,"stat.pickup.iceandfire.chared_grass":9,"stat.sleepInBed":10,"stat.pickup.chococraft.gysahl_green":94,"stat.mineBlock.minecraft.dirt":3,"stat.pickup.zawa.large_meat_cooked":2,"stat.craftItem.minecraft.iron_sword":1,"geonach.kill":1,"stat.walkOneCm":477382,"stat.useItem.minecraft.bread":11,"stat.useItem.minecraft.torch":33,"stat.killEntity.primitivemobs.bewitched_tome":2,"stat.pickup.minecraft.stick":25,"stat.pickup.minecraft.iron_nugget":2,"stat.drop.minecraft.rotten_flesh":6,"stat.entityKilledBy.grimoireofgaia.banshee":1,"stat.useItem.minecraft.cobblestone":44,"stat.craftItem.minecraft.crafting_table":1,"stat.pickup.lycanitesmobs.embercharge":7,"spriggan.kill":4,"stat.drop.everlastingabilities.ability_bottle":1,"tpumpkyn.kill":1,"stat.pickup.minecraft.log":9,"stat.useItem.minecraft.melon":11,"stat.drop.iceandfire.chared_dirt":5,"stat.entityKilledBy.grimoireofgaia.minotaurus":2,"stat.pickup.minecraft.stone":8,"stat.pickup.minecraft.ender_pearl":14,"stat.useItem.zawa.large_meat_cooked":1,"stat.pickup.minecraft.apple":1,"stat.pickup.minecraft.ladder":3,"stat.useItem.minecraft.fireworks":29,"stat.useItem.exoticbirds.robin_egg":14,"stat.drop.chococraft.gysahl_green_seeds":1,"stat.killEntity.Skeleton":16,"stat.drop.minecraft.bow":1,"stat.craftItem.minecraft.bucket":1,"stat.mineBlock.minecraft.stonebrick":2,"stat.craftItem.minecraft.planks":32,"stat.useItem.minecraft.iron_sword":170,"stat.pickup.iceandfire.dragonscales_green":9,"stat.killEntity.grimoireofgaia.harpy":1,"stat.mobKills":68,"stat.pickup.lycanitesmobs.lifedraincharge":9,"stat.useItem.minecraft.stonebrick":5,"stat.mineBlock.minecraft.log":7,"stat.craftItem.minecraft.wooden_door":6,"stat.useItem.minecraft.stone_hoe":23,"stat.useItem.minecraft.wooden_door":3,"cinder.kill":2,"stat.pickup.minecraft.diamond":1,"stat.pickup.minecraft.torch":19,"stat.sneakTime":1522,"stat.pickup.minecraft.wool":6,"stat.pickup.lycanitesmobs.acidsplashcharge":2,"stat.drop.minecraft.arrow":5,"stat.pickup.minecraft.stone_slab":12,"stat.mineBlock.minecraft.stone":107,"stat.mineBlock.valoegheses_be.soil_waste":12}