{"stat.pickup.minecraft.bone":5,"stat.horseOneCm":14860,"stat.pickup.exoticbirds.bluejay_egg":8,"stat.leaveGame":2,"stat.pickup.valoegheses_be.soil_dry":1,"stat.mineBlock.minecraft.cobblestone":21,"stat.mineBlock.minecraft.sandstone":2,"stat.swimOneCm":16661,"stat.climbOneCm":9611,"stat.pickup.minecraft.enchanted_book":2,"stat.useItem.chococraft.gysahl_green":25,"stat.useItem.minecraft.stone_slab2":15,"stat.pickup.minecraft.rotten_flesh":3,"stat.mineBlock.midnight.ghost_plant":1,"stat.craftItem.minecraft.furnace":1,"stat.pickup.exoticbirds.eggshell":4,"stat.craftItem.minecraft.stone_axe":1,"stat.entityKilledBy.primitivemobs.skeleton_warrior":1,"stat.craftItem.minecraft.stone_pickaxe":1,"stat.useItem.exoticbirds.cooked_birdmeat":3,"stat.pickup.minecraft.cobblestone":41,"stat.pickup.midnight.nightshroom":1,"stat.pickup.midnight.shadowroot_log":1,"stat.flyOneCm":1074705,"stat.pickup.minecraft.soul_sand":1,"stat.useItem.minecraft.ender_pearl":2,"stat.pickup.minecraft.sandstone":4,"stat.entityKilledBy.firedragon":57,"stat.timeSinceDeath":9,"stat.craftItem.minecraft.wooden_pickaxe":3,"stat.mineBlock.midnight.shadowroot_log":1,"stat.mineBlock.minecraft.vine":1,"stat.pickup.minecraft.stonebrick":13,"banshee.kill":1,"stat.useItem.exoticbirds.pigeon_egg":1,"stat.furnaceInteraction":4,"stat.pickup.exoticbirds.robin_egg":14,"stat.drop.minecraft.dirt":2,"stat.drop.dmonsters.entrailflesh":1,"stat.killEntity.ZombieVillager":1,"stat.mineBlock.minecraft.coal_ore":5,"stat.pickup.zawa.bush_meat_cooked":1,"stat.pickup.midnight.ghost_plant":1,"stat.pickup.minecraft.string":3,"stat.entityKilledBy.Skeleton":2,"stat.craftItem.minecraft.stone_slab2":0,"stat.pickup.exoticbirds.pigeon_egg":1,"stat.drop.minecraft.oak_stairs":1,"stat.sprintOneCm":393048,"stat.mineBlock.minecraft.stone_slab":7,"stat.craftItem.minecraft.stick":32,"stat.pickup.dmonsters.entrailflesh":1,"stat.craftItem.midnight.shadowroot_planks":4,"stat.pickup.minecraft.fireworks":77,"stat.pickup.chococraft.gysahl_green_seeds":36,"stat.entityKilledBy.Creeper":1,"stat.pickup.minecraft.vine":1,"stat.mineBlock.minecraft.planks":20,"stat.deaths":155,"stat.pickup.valoegheses_be.berry_bush":1,"stat.drop":10,"stat.useItem.ancientwarfare.wooden_hammer":10,"stat.playOneMinute":107376,"stat.entityKilledBy.grimoireofgaia.dullahan":1,"stat.drop.minecraft.string":1,"stat.pickup.minecraft.slime_ball":3,"stat.mineBlock.midnight.nightshroom":1,"stat.killEntity.Zombie":2,"stat.pickup.zawa.care_guide":2,"stat.pickup.iceandfire.chared_dirt":6,"stat.diveOneCm":11344,"stat.pickup.minecraft.wheat":30,"stat.chestOpened":29,"stat.pickup.minecraft.arrow":2,"stat.killEntity.Slime":2,"stat.useItem.minecraft.apple":2,"stat.useItem.minecraft.rotten_flesh":1,"stat.pickup.everlastingabilities.ability_bottle":3,"stat.drop.minecraft.sandstone":2,"stat.jump":3491,"stat.pickup.minecraft.coal":7,"stat.fallOneCm":327631,"stat.useItem.minecraft.stone_axe":22,"stat.pickup.valoegheses_be.soil_waste":5,"stat.craftItem.minecraft.bread":10,"stat.crouchOneCm":3783,"stat.craftItem.exoticbirds.cooked_birdmeat":3,"stat.pickup.zawa.tortoise_shell":1,"stat.pickup.minecraft.dirt":4,"stat.pickup.minecraft.melon":11,"stat.craftingTableInteraction":11,"stat.drop.iceandfire.chared_grass":1,"stat.useItem.exoticbirds.bluejay_egg":8,"roc.kill":2,"stat.damageTaken":50722,"stat.pickup.minecraft.leather":4,"stat.pickup.minecraft.feather":2,"stat.pickup.zawa.reptile_meat_cooked":1,"stat.mineBlock.minecraft.torch":8,"stat.mineBlock.minecraft.melon_block":2,"stat.dispenserInspected":2,"stat.useItem.minecraft.wooden_pickaxe":27,"stat.pickup.minecraft.dye":6,"stat.pickup.minecraft.planks":24,"stat.pickup.minecraft.bed":4,"stat.pickup.minecraft.wheat_seeds":50,"stat.pickup.minecraft.oak_stairs":1,"stat.useItem.minecraft.stone_pickaxe":55,"stat.pickup.exoticbirds.birdmeat":5,"stat.damageDealt":3331,"stat.pickup.iceandfire.chared_grass":9,"stat.sleepInBed":4,"stat.pickup.chococraft.gysahl_green":31,"stat.mineBlock.minecraft.dirt":2,"stat.pickup.zawa.large_meat_cooked":2,"stat.walkOneCm":256469,"stat.useItem.minecraft.bread":3,"stat.pickup.minecraft.stick":20,"stat.entityKilledBy.grimoireofgaia.banshee":1,"stat.useItem.minecraft.cobblestone":14,"stat.craftItem.minecraft.crafting_table":1,"stat.pickup.lycanitesmobs.embercharge":7,"spriggan.kill":3,"stat.drop.everlastingabilities.ability_bottle":1,"stat.pickup.minecraft.log":9,"stat.useItem.minecraft.melon":7,"stat.drop.iceandfire.chared_dirt":5,"stat.entityKilledBy.grimoireofgaia.minotaurus":1,"stat.pickup.minecraft.ender_pearl":2,"stat.useItem.zawa.large_meat_cooked":1,"stat.pickup.minecraft.apple":1,"stat.pickup.minecraft.ladder":3,"stat.useItem.minecraft.fireworks":29,"stat.useItem.exoticbirds.robin_egg":14,"stat.mineBlock.minecraft.stonebrick":2,"stat.craftItem.minecraft.planks":32,"stat.pickup.iceandfire.dragonscales_green":9,"stat.mobKills":17,"stat.pickup.lycanitesmobs.lifedraincharge":8,"stat.useItem.minecraft.stonebrick":5,"stat.mineBlock.minecraft.log":7,"stat.craftItem.minecraft.wooden_door":3,"stat.useItem.minecraft.wooden_door":2,"cinder.kill":2,"stat.pickup.minecraft.diamond":1,"stat.pickup.minecraft.torch":9,"stat.sneakTime":823,"stat.pickup.minecraft.stone_slab":10,"stat.mineBlock.minecraft.stone":24,"stat.mineBlock.valoegheses_be.soil_waste":4}