{"stat.useItem.minecraft.bow":54,"stat.pickup.lycanitesmobs.chaosorbcharge":4,"stat.pickup.exoticbirds.bluejay_egg":11,"stat.leaveGame":15,"stat.useItem.zawa.bird_meat_cooked":1,"stat.mineBlock.minecraft.sandstone":3,"stat.drop.minecraft.enchanted_book":1,"stat.pickup.zawa.worm":8,"stat.craftItem.minecraft.shield":2,"stat.drop.minecraft.feather":14,"stat.drop.minecraft.iron_sword":1,"stat.killEntity.primitivemobs.skeleton_warrior":2,"stat.pickup.minecraft.rotten_flesh":137,"stat.pickup.exoticbirds.eggshell":4,"stat.craftItem.minecraft.stone_axe":2,"stat.drop.minecraft.leather_boots":1,"stat.pickup.iceandfire.chared_cobblestone":1,"stat.pickup.minecraft.cobblestone_wall":9,"stat.pickup.minecraft.bucket":1,"stat.pickup.minecraft.leather_boots":1,"stat.pickup.midnight.shadowroot_log":1,"stat.craftItem.minecraft.iron_shovel":1,"stat.pickup.minecraft.brown_mushroom":2,"stat.pickup.quark.tallow":3,"stat.useItem.minecraft.iron_pickaxe":153,"stat.craftItem.minecraft.wooden_pickaxe":4,"stat.useItem.minecraft.iron_shovel":154,"stat.drop.minecraft.cooked_mutton":4,"stat.craftItem.minecraft.bed":2,"stat.useItem.zawa.bird_meat":2,"stat.mineBlock.minecraft.vine":1,"banshee.kill":14,"stat.pickup.minecraft.wooden_shovel":1,"stat.furnaceInteraction":33,"stat.killEntity.ZombieVillager":1,"xaphan.kill":2,"stat.drop.minecraft.red_flower":40,"stat.craftItem.zawa.bird_meat_cooked":1,"stat.pickup.lycanitesmobs.spectralboltcharge":13,"stat.pickup.exoticbirds.pigeon_egg":1,"stat.pickup.minecraft.hay_block":32,"stat.useItem.minecraft.wheat_seeds":23,"stat.pickup.minecraft.emerald":2,"stat.useItem.minecraft.dye":142,"stat.drop.lycanitesmobs.embercharge":2,"stat.deaths":255,"stat.pickup.lycanitesmobs.geistliver":4,"stat.pickup.zawa.fur":1,"stat.killEntity.primitivemobs.rocket_creeper":1,"stat.entityKilledBy.grimoireofgaia.dullahan":1,"stat.craftItem.minecraft.wooden_shovel":5,"stat.craftItem.minecraft.iron_pickaxe":3,"stat.pickup.zawa.care_guide":3,"stat.entityKilledBy.grimoireofgaia.creep":1,"stat.craftItem.minecraft.cooked_mutton":7,"stat.mineBlock.minecraft.tallgrass":3,"stat.chestOpened":227,"stat.useItem.minecraft.stone":5,"stat.pickup.minecraft.arrow":92,"stat.pickup.minecraft.iron_sword":2,"stat.pickup.minecraft.gold_nugget":4,"geist.kill":4,"stat.craftItem.minecraft.coal":18,"stat.crouchOneCm":21062,"stat.craftItem.minecraft.diamond":9,"stat.craftItem.exoticbirds.cooked_birdmeat":3,"stat.pickup.zawa.tortoise_shell":1,"stat.craftItem.minecraft.iron_ingot":20,"stat.drop.minecraft.slime_ball":2,"stat.craftingTableInteraction":81,"stat.drop.quark.tallow":3,"stat.pickup.minecraft.wooden_pickaxe":1,"stat.mineBlock.minecraft.log2":17,"stat.pickup.minecraft.dye":6,"stat.pickup.minecraft.planks":77,"chupacabra.kill":1,"stat.pickup.minecraft.wheat_seeds":139,"stat.mineBlock.minecraft.glass":3,"stat.pickup.zawa.bush_meat_raw":1,"stat.mineBlock.minecraft.dirt":418,"stat.pickup.exoticbirds.flamingo_egg":1,"stat.useItem.minecraft.bread":93,"stat.killEntity.primitivemobs.bewitched_tome":4,"stat.drop.minecraft.rotten_flesh":38,"stat.useItem.minecraft.cobblestone":182,"stat.pickup.lycanitesmobs.embercharge":17,"stat.pickup.minecraft.iron_pickaxe":1,"stat.mineBlock.exoticbirds.nest":1,"stat.pickup.minecraft.apple":7,"stat.useItem.minecraft.fireworks":29,"stat.drop.lycanitesmobs.sprigganroot":1,"stat.pickup.minecraft.coal_block":2,"stat.craftItem.minecraft.bucket":2,"stat.craftItem.minecraft.planks":136,"stat.useItem.minecraft.iron_sword":202,"stat.pickup.iceandfire.dragonscales_green":9,"stat.useItem.minecraft.stonebrick":6,"stat.pickup.minecraft.book":3,"stat.mineBlock.minecraft.log":29,"stat.craftItem.minecraft.wooden_door":6,"stat.useItem.minecraft.wooden_door":4,"stat.pickup.iceandfire.dragonbone":15,"stat.pickup.minecraft.red_flower":97,"stat.pickup.minecraft.wool":6,"stat.cakeSlicesEaten":4,"stat.pickup.lycanitesmobs.sprigganheart":1,"stat.craftItem.minecraft.cooked_rabbit":2,"stat.useItem.minecraft.iron_axe":31,"stat.mineBlock.minecraft.cobblestone":42,"stat.mineBlock.iceandfire.chared_stone":2,"stat.entityKilledBy.Witch":3,"stat.pickup.minecraft.enchanted_book":12,"stat.drop.minecraft.cobblestone":53,"stat.useItem.minecraft.obsidian":1,"stat.useItem.chococraft.gysahl_green":132,"stat.useItem.minecraft.stone_slab2":73,"stat.pickup.minecraft.bow":6,"stat.craftItem.minecraft.furnace":2,"stat.craftItem.minecraft.iron_boots":2,"stat.drop.minecraft.cooked_rabbit":2,"stat.useItem.exoticbirds.cooked_birdmeat":3,"stat.craftItem.minecraft.bow":1,"stat.flyOneCm":3338709,"stat.pickup.minecraft.sandstone":5,"stat.timeSinceDeath":1666,"stat.drop.minecraft.spider_eye":1,"stat.pickup.exoticbirds.mystery_egg":1,"stat.mineBlock.minecraft.coal_ore":30,"stat.pickup.zawa.bush_meat_cooked":1,"stat.craftItem.minecraft.stone_hoe":1,"stat.talkedToVillager":1,"stat.pickup.minecraft.string":39,"stat.pickup.lycanitesmobs.scorchfireballcharge":5,"stat.entityKilledBy.Skeleton":12,"stat.drop.minecraft.obsidian":1,"stat.drop.minecraft.oak_stairs":1,"stat.mineBlock.valoegheses_be.log_zoesteria_palm_dark":6,"stat.sprintOneCm":2021797,"stat.mineBlock.minecraft.stone_slab":9,"stat.pickup.minecraft.fireworks":77,"stat.mineBlock.minecraft.diamond_ore":1,"stat.pickup.minecraft.vine":4,"stat.pickup.valoegheses_be.berry_bush":1,"stat.useItem.ancientwarfare.wooden_hammer":10,"stat.killEntity.Zombie":85,"stat.craftItem.minecraft.dye":150,"stat.pickup.minecraft.snowball":3,"stat.pickup.iceandfire.chared_dirt":6,"stat.diveOneCm":88594,"stat.pickup.minecraft.wheat":142,"stat.drop.minecraft.ladder":2,"stat.pickup.minecraft.obsidian":10,"stat.useItem.minecraft.rotten_flesh":2,"stat.craftItem.minecraft.diamond_sword":2,"stat.drop.minecraft.sandstone":3,"stat.jump":12914,"stat.pickup.minecraft.coal":41,"stat.pickup.minecraft.iron_ingot":17,"stat.pickup.minecraft.gunpowder":2,"stat.pickup.iceandfire.chared_stone":3,"stat.craftItem.minecraft.torch":172,"stat.pickup.minecraft.dirt":467,"roc.kill":3,"reaper.kill":9,"stat.damageTaken":85449,"stat.mineBlock.minecraft.torch":36,"stat.mineBlock.minecraft.melon_block":2,"stat.mineBlock.minecraft.red_flower":13,"stat.pickup.minecraft.log2":17,"stat.useItem.valoegheses_be.soil_waste":6,"stat.pickup.minecraft.bed":14,"stat.entityKilledBy.Zombie":12,"stat.pickup.exoticbirds.birdmeat":5,"stat.pickup.iceandfire.chared_grass":9,"stat.pickup.chococraft.ability_fruit":14,"stat.pickup.chococraft.gysahl_green":150,"stat.killEntity.Silverfish":3,"geonach.kill":1,"stat.useItem.exoticbirds.flamingo_egg":1,"stat.drop.minecraft.wheat":1,"stat.entityKilledBy.grimoireofgaia.banshee":1,"stat.drop.everlastingabilities.ability_bottle":2,"stat.pickup.iceandfire.armor_gray_chestplate":1,"stat.useItem.minecraft.lava_bucket":16,"stat.useItem.minecraft.melon":11,"stat.craftItem.minecraft.wheat":225,"stat.drop.iceandfire.chared_dirt":5,"stat.craftItem.minecraft.iron_chestplate":1,"stat.pickup.minecraft.ender_pearl":17,"stat.useItem.zawa.large_meat_cooked":1,"stat.pickup.minecraft.ladder":5,"stat.pickup.minecraft.cooked_beef":4,"stat.mineBlock.minecraft.stonebrick":7,"stat.killEntity.grimoireofgaia.harpy":3,"stat.mobKills":260,"stat.pickup.minecraft.diamond":11,"stat.pickup.minecraft.torch":42,"stat.drop.minecraft.arrow":7,"stat.useItem.minecraft.soul_sand":4,"stat.craftItem.minecraft.iron_axe":1,"stat.drop.quark.glass_shards":3,"stat.useItem.minecraft.planks":9,"stat.craftItem.iceandfire.armor_green_chestplate":1,"stat.pickup.minecraft.porkchop":4,"stat.pickup.lycanitesmobs.cooked_chupacabra_meat":1,"stat.useItem.minecraft.water_bucket":25,"stat.mineBlock.midnight.ghost_plant":1,"stat.entityKilledBy.primitivemobs.skeleton_warrior":1,"stat.drop.valoegheses_be.soil_waste":6,"stat.entityKilledBy.cyclops":3,"stat.pickup.midnight.nightshroom":1,"stat.useItem.minecraft.ender_pearl":6,"stat.entityKilledBy.firedragon":67,"stat.drop.minecraft.diamond":5,"stat.entityKilledBy.grimoireofgaia.satyress":2,"stat.drop.dmonsters.entrailflesh":1,"stat.pickup.iceandfire.dragon_skull":1,"stat.entityKilledBy.grimoireofgaia.harpy":3,"stat.useItem.minecraft.cooked_mutton":3,"stat.pickup.minecraft.furnace":1,"stat.pickup.dmonsters.entrailflesh":1,"stat.drop.minecraft.pumpkin_seeds":2,"afrit.kill":3,"stat.pickup.minecraft.pumpkin_seeds":3,"stat.mineBlock.minecraft.soul_sand":1,"stat.playOneMinute":487026,"stat.pickup.minecraft.blaze_rod":3,"stat.drop.minecraft.string":1,"stat.pickup.iceandfire.armor_gray_leggings":1,"stat.pickup.minecraft.pumpkin":1,"stat.fallOneCm":598728,"stat.pickup.valoegheses_be.soil_waste":17,"stat.pickup.minecraft.melon_seeds":2,"stat.drop.minecraft.book":1,"stat.pickup.minecraft.melon":11,"stat.pickup.primitivemobs.goblin_mace":1,"stat.pickup.minecraft.feather":23,"stat.pickup.zawa.reptile_meat_cooked":1,"stat.drop.lycanitesmobs.lifedraincharge":3,"stat.useItem.minecraft.stone_pickaxe":177,"stat.craftItem.minecraft.iron_leggings":2,"stat.pickup.zawa.large_meat_cooked":2,"stat.drop.minecraft.stick":2,"stat.useItem.minecraft.torch":172,"stat.pickup.minecraft.iron_nugget":8,"stat.pickup.minecraft.crafting_table":1,"stat.craftItem.minecraft.crafting_table":5,"tpumpkyn.kill":1,"stat.pickup.minecraft.iron_hoe":1,"stat.pickup.minecraft.log":30,"stat.drop.minecraft.stonebrick":5,"stat.pickup.minecraft.wooden_door":4,"stat.pickup.iceandfire.dragonscales_gray":19,"stat.drop.minecraft.melon_seeds":2,"stat.useItem.exoticbirds.robin_egg":14,"stat.drop.minecraft.bow":1,"stat.pickup.lycanitesmobs.lifedraincharge":15,"stat.useItem.minecraft.stone_hoe":23,"stat.pickup.valoegheses_be.log_zoesteria_palm_dark":6,"stat.drop.lycanitesmobs.cooked_chupacabra_meat":1,"stat.sneakTime":6391,"stat.mineBlock.minecraft.cobblestone_wall":2,"stat.pickup.minecraft.stone_slab":14,"stat.pickup.minecraft.chest":2,"stat.drop.minecraft.stone_pickaxe":1,"stat.pickup.minecraft.bone":117,"stat.horseOneCm":14860,"stat.pickup.valoegheses_be.soil_dry":1,"stat.useItem.minecraft.diamond_sword":501,"stat.drop.minecraft.iron_nugget":2,"stat.swimOneCm":41442,"stat.pickup.quark.glass_shards":9,"stat.climbOneCm":22396,"stat.drop.lycanitesmobs.sprigganheart":1,"stat.useItem.minecraft.dirt":278,"stat.pickup.zawa.bird_meat":4,"stat.pickup.lycanitesmobs.sprigganroot":2,"stat.entityKilledBy.Endermite":2,"stat.drop.minecraft.ender_pearl":1,"stat.craftItem.minecraft.stone_pickaxe":2,"stat.pickup.everlastingabilities.ability_totem":6,"stat.pickup.minecraft.cobblestone":338,"stat.pickup.minecraft.soul_sand":40,"stat.drop.minecraft.wheat_seeds":3,"stat.useItem.minecraft.cooked_beef":3,"stat.mineBlock.minecraft.iron_ore":20,"stat.pickup.minecraft.mossy_cobblestone":1,"stat.mineBlock.midnight.shadowroot_log":1,"stat.pickup.minecraft.cake":3,"stat.pickup.minecraft.stonebrick":74,"stat.useItem.exoticbirds.pigeon_egg":1,"stat.pickup.exoticbirds.robin_egg":15,"stat.drop.minecraft.dirt":35,"stat.pickup.midnight.ghost_plant":1,"stat.drop.minecraft.log2":2,"stat.craftItem.minecraft.stone_slab2":0,"stat.craftItem.minecraft.stick":108,"stat.craftItem.midnight.shadowroot_planks":4,"stat.craftItem.iceandfire.armor_gray_chestplate":2,"stat.useItem.minecraft.wooden_shovel":173,"stat.pickup.chococraft.gysahl_green_seeds":143,"stat.entityKilledBy.Creeper":6,"stat.mineBlock.minecraft.planks":56,"stat.drop":115,"stat.pickup.minecraft.slime_ball":10,"stat.mineBlock.midnight.nightshroom":1,"stat.craftItem.minecraft.diamond_pickaxe":1,"stat.killEntity.primitivemobs.treasure_slime":3,"stat.killEntity.primitivemobs.haunted_tool":1,"stat.drop.minecraft.bread":3,"stat.craftItem.valoegheses_be.planks_zoesteria_palm":24,"stat.drop.minecraft.wooden_pickaxe":1,"stat.drop.minecraft.cooked_beef":3,"stat.killEntity.Slime":2,"stat.useItem.minecraft.apple":4,"stat.useItem.minecraft.porkchop":4,"stat.pickup.everlastingabilities.ability_bottle":4,"stat.pickup.minecraft.iron_helmet":1,"stat.useItem.minecraft.stone_axe":76,"stat.craftItem.minecraft.bread":121,"stat.entityKilledBy.CaveSpider":4,"stat.pickup.minecraft.spider_eye":11,"stat.killEntity.primitivemobs.goblin":5,"stat.craftItem.minecraft.iron_helmet":2,"stat.drop.minecraft.bed":1,"stat.useItem.minecraft.cooked_chicken":4,"stat.pickup.minecraft.iron_ore":20,"stat.drop.iceandfire.chared_grass":1,"stat.useItem.exoticbirds.bluejay_egg":8,"stat.mineBlock.minecraft.leaves2":5,"stat.drop.zawa.worm":1,"stat.pickup.minecraft.leather":4,"stat.dispenserInspected":2,"stat.useItem.minecraft.wooden_pickaxe":56,"stat.mineBlock.minecraft.mycelium":1,"stat.killEntity.CaveSpider":12,"stat.drop.chococraft.gysahl_green":1,"stat.entityKilledBy.grimoireofgaia.minotaur":1,"stat.pickup.minecraft.oak_stairs":1,"stat.damageDealt":42850,"stat.sleepInBed":39,"stat.killEntity.Pig":2,"stat.craftItem.minecraft.iron_sword":1,"stat.walkOneCm":1206767,"stat.playerKills":1,"stat.drop.iceandfire.armor_gray_chestplate":1,"stat.pickup.minecraft.stick":33,"stat.craftItem.quark.custom_chest":3,"argus.kill":1,"stat.pickup.minecraft.clay_ball":1,"stat.drop.minecraft.vine":3,"spriggan.kill":4,"stat.entityKilledBy.grimoireofgaia.minotaurus":2,"stat.drop.minecraft.iron_chestplate":1,"stat.pickup.minecraft.stone":8,"stat.drop.minecraft.emerald":1,"stat.drop.chococraft.gysahl_green_seeds":11,"stat.pickup.minecraft.gold_ingot":1,"stat.pickup.lycanitesmobs.reaperclaw":1,"stat.killEntity.Skeleton":37,"stat.drop.everlastingabilities.ability_totem":1,"stat.killEntity.Spider":15,"stat.pickup.minecraft.bread":11,"stat.useItem.minecraft.golden_apple":1,"cinder.kill":4,"stat.mineBlock.minecraft.leaves":5,"stat.pickup.lycanitesmobs.acidsplashcharge":4,"stat.mineBlock.valoegheses_be.leaves_ocean_palm":1,"stat.mineBlock.minecraft.hay_block":24,"stat.drop.zawa.care_guide":1,"stat.mineBlock.minecraft.stone":233,"stat.mineBlock.valoegheses_be.soil_waste":12}