{"stat.drop.minecraft.stone_pickaxe":1,"stat.pickup.minecraft.bone":5,"stat.horseOneCm":14860,"stat.pickup.exoticbirds.bluejay_egg":8,"stat.leaveGame":2,"stat.pickup.valoegheses_be.soil_dry":1,"stat.mineBlock.minecraft.cobblestone":22,"stat.useItem.minecraft.soul_sand":4,"stat.mineBlock.minecraft.sandstone":3,"stat.swimOneCm":19039,"stat.pickup.zawa.worm":1,"stat.pickup.quark.glass_shards":3,"stat.drop.quark.glass_shards":3,"stat.climbOneCm":15377,"stat.pickup.minecraft.enchanted_book":2,"stat.craftItem.minecraft.shield":1,"stat.drop.minecraft.feather":4,"stat.craftItem.iceandfire.armor_green_chestplate":1,"stat.useItem.chococraft.gysahl_green":33,"stat.useItem.minecraft.stone_slab2":20,"stat.useItem.minecraft.water_bucket":1,"stat.pickup.minecraft.rotten_flesh":9,"stat.mineBlock.midnight.ghost_plant":1,"stat.craftItem.minecraft.furnace":1,"stat.pickup.exoticbirds.eggshell":4,"stat.craftItem.minecraft.stone_axe":2,"stat.entityKilledBy.primitivemobs.skeleton_warrior":1,"stat.craftItem.minecraft.iron_boots":1,"stat.craftItem.minecraft.stone_pickaxe":2,"stat.useItem.exoticbirds.cooked_birdmeat":3,"stat.pickup.minecraft.cobblestone":137,"stat.drop.valoegheses_be.soil_waste":6,"stat.pickup.midnight.nightshroom":1,"stat.pickup.midnight.shadowroot_log":1,"stat.flyOneCm":1333986,"stat.pickup.minecraft.soul_sand":11,"stat.useItem.minecraft.ender_pearl":2,"stat.pickup.minecraft.sandstone":5,"stat.entityKilledBy.firedragon":57,"stat.pickup.minecraft.brown_mushroom":2,"stat.mineBlock.minecraft.iron_ore":20,"stat.timeSinceDeath":8560,"stat.craftItem.minecraft.wooden_pickaxe":3,"stat.craftItem.minecraft.bed":2,"stat.mineBlock.midnight.shadowroot_log":1,"stat.mineBlock.minecraft.vine":1,"stat.pickup.minecraft.stonebrick":13,"banshee.kill":2,"stat.useItem.exoticbirds.pigeon_egg":1,"stat.furnaceInteraction":18,"stat.pickup.exoticbirds.robin_egg":14,"stat.drop.minecraft.dirt":2,"stat.drop.dmonsters.entrailflesh":1,"stat.killEntity.ZombieVillager":1,"stat.mineBlock.minecraft.coal_ore":18,"stat.pickup.zawa.bush_meat_cooked":1,"stat.pickup.midnight.ghost_plant":1,"stat.craftItem.minecraft.stone_hoe":1,"stat.pickup.minecraft.string":3,"stat.entityKilledBy.Skeleton":3,"stat.craftItem.minecraft.stone_slab2":0,"stat.pickup.exoticbirds.pigeon_egg":1,"stat.drop.minecraft.oak_stairs":1,"stat.sprintOneCm":532062,"stat.mineBlock.minecraft.stone_slab":8,"stat.craftItem.minecraft.stick":48,"stat.pickup.dmonsters.entrailflesh":1,"stat.craftItem.midnight.shadowroot_planks":4,"stat.pickup.minecraft.fireworks":77,"stat.useItem.minecraft.wheat_seeds":23,"stat.mineBlock.minecraft.soul_sand":1,"stat.pickup.chococraft.gysahl_green_seeds":43,"stat.entityKilledBy.Creeper":1,"stat.pickup.minecraft.vine":1,"stat.mineBlock.minecraft.planks":47,"stat.deaths":160,"stat.pickup.valoegheses_be.berry_bush":1,"stat.drop":24,"stat.useItem.ancientwarfare.wooden_hammer":10,"stat.playOneMinute":144276,"stat.entityKilledBy.grimoireofgaia.dullahan":1,"stat.drop.minecraft.string":1,"stat.pickup.minecraft.slime_ball":3,"stat.mineBlock.midnight.nightshroom":1,"stat.killEntity.primitivemobs.treasure_slime":1,"stat.killEntity.Zombie":3,"stat.pickup.zawa.care_guide":2,"stat.pickup.iceandfire.chared_dirt":6,"stat.diveOneCm":13871,"stat.pickup.minecraft.wheat":32,"stat.chestOpened":36,"stat.useItem.minecraft.stone":5,"stat.pickup.minecraft.arrow":13,"stat.pickup.minecraft.iron_sword":2,"stat.killEntity.Slime":2,"stat.useItem.minecraft.apple":2,"stat.useItem.minecraft.rotten_flesh":1,"stat.pickup.everlastingabilities.ability_bottle":3,"stat.drop.minecraft.sandstone":3,"stat.jump":4454,"stat.pickup.minecraft.coal":22,"stat.fallOneCm":359163,"stat.pickup.minecraft.iron_ingot":1,"stat.useItem.minecraft.stone_axe":75,"stat.pickup.valoegheses_be.soil_waste":15,"stat.craftItem.minecraft.bread":10,"stat.crouchOneCm":5550,"stat.craftItem.exoticbirds.cooked_birdmeat":3,"stat.pickup.zawa.tortoise_shell":1,"stat.craftItem.minecraft.torch":40,"stat.craftItem.minecraft.iron_ingot":20,"stat.pickup.minecraft.dirt":4,"stat.craftItem.minecraft.iron_helmet":1,"stat.pickup.minecraft.melon":11,"stat.craftingTableInteraction":27,"stat.pickup.minecraft.iron_ore":20,"stat.drop.iceandfire.chared_grass":1,"stat.useItem.exoticbirds.bluejay_egg":8,"roc.kill":3,"stat.damageTaken":52250,"stat.pickup.minecraft.leather":4,"stat.pickup.minecraft.feather":6,"stat.pickup.zawa.reptile_meat_cooked":1,"stat.mineBlock.minecraft.torch":12,"stat.mineBlock.minecraft.melon_block":2,"stat.dispenserInspected":2,"stat.useItem.minecraft.wooden_pickaxe":35,"stat.mineBlock.minecraft.mycelium":1,"stat.pickup.minecraft.dye":6,"stat.pickup.minecraft.planks":50,"stat.useItem.valoegheses_be.soil_waste":6,"stat.pickup.minecraft.bed":5,"stat.drop.chococraft.gysahl_green":1,"stat.pickup.minecraft.wheat_seeds":52,"stat.pickup.minecraft.oak_stairs":1,"stat.useItem.minecraft.stone_pickaxe":177,"stat.mineBlock.minecraft.glass":1,"stat.pickup.exoticbirds.birdmeat":5,"stat.craftItem.minecraft.iron_leggings":1,"stat.damageDealt":4689,"stat.pickup.iceandfire.chared_grass":9,"stat.sleepInBed":4,"stat.pickup.chococraft.gysahl_green":41,"stat.mineBlock.minecraft.dirt":3,"stat.pickup.zawa.large_meat_cooked":2,"stat.craftItem.minecraft.iron_sword":1,"geonach.kill":1,"stat.walkOneCm":344266,"stat.useItem.minecraft.bread":3,"stat.useItem.minecraft.torch":22,"stat.pickup.minecraft.stick":20,"stat.drop.minecraft.rotten_flesh":3,"stat.entityKilledBy.grimoireofgaia.banshee":1,"stat.useItem.minecraft.cobblestone":30,"stat.craftItem.minecraft.crafting_table":1,"stat.pickup.lycanitesmobs.embercharge":7,"spriggan.kill":3,"stat.drop.everlastingabilities.ability_bottle":1,"stat.pickup.minecraft.log":9,"stat.useItem.minecraft.melon":11,"stat.drop.iceandfire.chared_dirt":5,"stat.entityKilledBy.grimoireofgaia.minotaurus":2,"stat.pickup.minecraft.stone":8,"stat.pickup.minecraft.ender_pearl":6,"stat.useItem.zawa.large_meat_cooked":1,"stat.pickup.minecraft.apple":1,"stat.pickup.minecraft.ladder":3,"stat.useItem.minecraft.fireworks":29,"stat.useItem.exoticbirds.robin_egg":14,"stat.drop.chococraft.gysahl_green_seeds":1,"stat.killEntity.Skeleton":1,"stat.craftItem.minecraft.bucket":1,"stat.mineBlock.minecraft.stonebrick":2,"stat.craftItem.minecraft.planks":32,"stat.useItem.minecraft.iron_sword":10,"stat.pickup.iceandfire.dragonscales_green":9,"stat.mobKills":25,"stat.pickup.lycanitesmobs.lifedraincharge":8,"stat.useItem.minecraft.stonebrick":5,"stat.mineBlock.minecraft.log":7,"stat.craftItem.minecraft.wooden_door":6,"stat.useItem.minecraft.stone_hoe":23,"stat.useItem.minecraft.wooden_door":3,"cinder.kill":2,"stat.pickup.minecraft.diamond":1,"stat.pickup.minecraft.torch":14,"stat.sneakTime":1242,"stat.pickup.minecraft.wool":6,"stat.drop.minecraft.arrow":5,"stat.pickup.minecraft.stone_slab":11,"stat.mineBlock.minecraft.stone":107,"stat.mineBlock.valoegheses_be.soil_waste":12}