{"stat.chestOpened":20,"stat.horseOneCm":14860,"stat.pickup.exoticbirds.bluejay_egg":8,"stat.leaveGame":1,"stat.pickup.valoegheses_be.soil_dry":1,"stat.mineBlock.minecraft.cobblestone":19,"stat.killEntity.Slime":2,"stat.useItem.minecraft.apple":1,"stat.useItem.minecraft.rotten_flesh":1,"stat.pickup.everlastingabilities.ability_bottle":2,"stat.jump":1405,"stat.swimOneCm":12382,"stat.pickup.minecraft.coal":7,"stat.fallOneCm":137286,"stat.climbOneCm":3512,"stat.pickup.minecraft.enchanted_book":2,"stat.useItem.minecraft.stone_axe":22,"stat.craftItem.minecraft.bread":10,"stat.crouchOneCm":3110,"stat.craftItem.exoticbirds.cooked_birdmeat":3,"stat.useItem.chococraft.gysahl_green":25,"stat.pickup.minecraft.dirt":2,"stat.useItem.minecraft.stone_slab2":9,"stat.craftingTableInteraction":9,"stat.pickup.minecraft.rotten_flesh":2,"stat.craftItem.minecraft.furnace":1,"stat.useItem.exoticbirds.bluejay_egg":8,"stat.pickup.exoticbirds.eggshell":4,"stat.craftItem.minecraft.stone_axe":1,"stat.entityKilledBy.primitivemobs.skeleton_warrior":1,"stat.damageTaken":20447,"stat.craftItem.minecraft.stone_pickaxe":1,"stat.mineBlock.minecraft.torch":1,"stat.useItem.exoticbirds.cooked_birdmeat":3,"stat.dispenserInspected":2,"stat.useItem.minecraft.wooden_pickaxe":6,"stat.pickup.minecraft.cobblestone":39,"stat.pickup.midnight.nightshroom":1,"stat.pickup.midnight.shadowroot_log":1,"stat.pickup.minecraft.planks":1,"stat.pickup.minecraft.bed":3,"stat.flyOneCm":389884,"stat.pickup.minecraft.soul_sand":1,"stat.useItem.minecraft.ender_pearl":2,"stat.entityKilledBy.firedragon":24,"stat.pickup.minecraft.wheat_seeds":49,"stat.useItem.minecraft.stone_pickaxe":55,"stat.pickup.exoticbirds.birdmeat":3,"stat.damageDealt":2616,"stat.pickup.iceandfire.chared_grass":3,"stat.sleepInBed":3,"stat.timeSinceDeath":789,"stat.pickup.chococraft.gysahl_green":29,"stat.craftItem.minecraft.wooden_pickaxe":1,"stat.walkOneCm":161248,"stat.useItem.minecraft.bread":3,"stat.mineBlock.midnight.shadowroot_log":1,"stat.pickup.minecraft.stick":18,"stat.mineBlock.minecraft.vine":1,"stat.useItem.minecraft.cobblestone":14,"stat.pickup.minecraft.stonebrick":2,"banshee.kill":1,"stat.useItem.exoticbirds.pigeon_egg":1,"stat.craftItem.minecraft.crafting_table":1,"stat.furnaceInteraction":4,"stat.pickup.exoticbirds.robin_egg":10,"stat.pickup.lycanitesmobs.embercharge":5,"spriggan.kill":3,"stat.drop.minecraft.dirt":2,"stat.drop.everlastingabilities.ability_bottle":1,"stat.killEntity.ZombieVillager":1,"stat.mineBlock.minecraft.coal_ore":5,"stat.pickup.minecraft.log":9,"stat.entityKilledBy.Skeleton":1,"stat.craftItem.minecraft.stone_slab2":0,"stat.pickup.exoticbirds.pigeon_egg":1,"stat.pickup.minecraft.ender_pearl":2,"stat.sprintOneCm":162523,"stat.mineBlock.minecraft.stone_slab":7,"stat.pickup.minecraft.apple":1,"stat.useItem.minecraft.fireworks":15,"stat.useItem.exoticbirds.robin_egg":10,"stat.craftItem.minecraft.stick":8,"stat.craftItem.midnight.shadowroot_planks":4,"stat.mineBlock.minecraft.stonebrick":2,"stat.craftItem.minecraft.planks":32,"stat.pickup.iceandfire.dragonscales_green":9,"stat.mobKills":12,"stat.pickup.lycanitesmobs.lifedraincharge":8,"stat.mineBlock.minecraft.log":7,"stat.craftItem.minecraft.wooden_door":3,"stat.pickup.chococraft.gysahl_green_seeds":34,"stat.entityKilledBy.Creeper":1,"stat.useItem.minecraft.wooden_door":2,"stat.pickup.minecraft.vine":1,"stat.mineBlock.minecraft.planks":1,"stat.deaths":62,"stat.drop":2,"cinder.kill":2,"stat.useItem.ancientwarfare.wooden_hammer":10,"stat.playOneMinute":56837,"stat.pickup.minecraft.torch":1,"stat.sneakTime":571,"stat.pickup.minecraft.slime_ball":3,"stat.mineBlock.midnight.nightshroom":1,"stat.killEntity.Zombie":2,"stat.pickup.zawa.care_guide":1,"stat.pickup.minecraft.stone_slab":7,"stat.mineBlock.minecraft.stone":24,"stat.diveOneCm":4203,"stat.pickup.minecraft.wheat":30}