{"stat.chestOpened":20,"stat.pickup.minecraft.bone":1,"stat.horseOneCm":14860,"stat.pickup.exoticbirds.bluejay_egg":8,"stat.leaveGame":1,"stat.pickup.valoegheses_be.soil_dry":1,"stat.mineBlock.minecraft.cobblestone":19,"stat.killEntity.Slime":2,"stat.useItem.minecraft.apple":1,"stat.useItem.minecraft.rotten_flesh":1,"stat.pickup.everlastingabilities.ability_bottle":2,"stat.jump":1938,"stat.swimOneCm":13369,"stat.pickup.minecraft.coal":7,"stat.fallOneCm":160869,"stat.climbOneCm":4103,"stat.pickup.minecraft.enchanted_book":2,"stat.useItem.minecraft.stone_axe":22,"stat.pickup.valoegheses_be.soil_waste":1,"stat.craftItem.minecraft.bread":10,"stat.crouchOneCm":3110,"stat.craftItem.exoticbirds.cooked_birdmeat":3,"stat.pickup.zawa.tortoise_shell":1,"stat.useItem.chococraft.gysahl_green":25,"stat.pickup.minecraft.dirt":4,"stat.useItem.minecraft.stone_slab2":12,"stat.craftingTableInteraction":9,"stat.pickup.minecraft.rotten_flesh":2,"stat.craftItem.minecraft.furnace":1,"stat.useItem.exoticbirds.bluejay_egg":8,"roc.kill":1,"stat.pickup.exoticbirds.eggshell":4,"stat.craftItem.minecraft.stone_axe":1,"stat.entityKilledBy.primitivemobs.skeleton_warrior":1,"stat.damageTaken":22433,"stat.pickup.minecraft.leather":4,"stat.pickup.zawa.reptile_meat_cooked":1,"stat.craftItem.minecraft.stone_pickaxe":1,"stat.mineBlock.minecraft.torch":1,"stat.useItem.exoticbirds.cooked_birdmeat":3,"stat.dispenserInspected":2,"stat.useItem.minecraft.wooden_pickaxe":6,"stat.pickup.minecraft.cobblestone":39,"stat.pickup.midnight.nightshroom":1,"stat.pickup.midnight.shadowroot_log":1,"stat.pickup.minecraft.planks":4,"stat.pickup.minecraft.bed":4,"stat.flyOneCm":572402,"stat.pickup.minecraft.soul_sand":1,"stat.useItem.minecraft.ender_pearl":2,"stat.entityKilledBy.firedragon":24,"stat.pickup.minecraft.wheat_seeds":49,"stat.useItem.minecraft.stone_pickaxe":55,"stat.pickup.exoticbirds.birdmeat":5,"stat.damageDealt":2795,"stat.pickup.iceandfire.chared_grass":3,"stat.sleepInBed":4,"stat.timeSinceDeath":922,"stat.pickup.chococraft.gysahl_green":29,"stat.mineBlock.minecraft.dirt":2,"stat.craftItem.minecraft.wooden_pickaxe":1,"stat.pickup.zawa.large_meat_cooked":2,"stat.walkOneCm":175514,"stat.useItem.minecraft.bread":3,"stat.mineBlock.midnight.shadowroot_log":1,"stat.pickup.minecraft.stick":18,"stat.mineBlock.minecraft.vine":1,"stat.entityKilledBy.grimoireofgaia.banshee":1,"stat.useItem.minecraft.cobblestone":14,"stat.pickup.minecraft.stonebrick":9,"banshee.kill":1,"stat.useItem.exoticbirds.pigeon_egg":1,"stat.craftItem.minecraft.crafting_table":1,"stat.furnaceInteraction":4,"stat.pickup.exoticbirds.robin_egg":11,"stat.pickup.lycanitesmobs.embercharge":5,"spriggan.kill":3,"stat.drop.minecraft.dirt":2,"stat.drop.everlastingabilities.ability_bottle":1,"stat.killEntity.ZombieVillager":1,"stat.mineBlock.minecraft.coal_ore":5,"stat.pickup.zawa.bush_meat_cooked":1,"stat.pickup.minecraft.log":9,"stat.entityKilledBy.Skeleton":2,"stat.entityKilledBy.grimoireofgaia.minotaurus":1,"stat.craftItem.minecraft.stone_slab2":0,"stat.pickup.exoticbirds.pigeon_egg":1,"stat.pickup.minecraft.ender_pearl":2,"stat.useItem.zawa.large_meat_cooked":1,"stat.sprintOneCm":228978,"stat.mineBlock.minecraft.stone_slab":7,"stat.pickup.minecraft.apple":1,"stat.useItem.minecraft.fireworks":15,"stat.useItem.exoticbirds.robin_egg":11,"stat.craftItem.minecraft.stick":8,"stat.craftItem.midnight.shadowroot_planks":4,"stat.mineBlock.minecraft.stonebrick":2,"stat.craftItem.minecraft.planks":32,"stat.pickup.iceandfire.dragonscales_green":9,"stat.mobKills":13,"stat.pickup.lycanitesmobs.lifedraincharge":8,"stat.useItem.minecraft.stonebrick":5,"stat.mineBlock.minecraft.log":7,"stat.craftItem.minecraft.wooden_door":3,"stat.pickup.chococraft.gysahl_green_seeds":34,"stat.entityKilledBy.Creeper":1,"stat.useItem.minecraft.wooden_door":2,"stat.pickup.minecraft.vine":1,"stat.mineBlock.minecraft.planks":1,"stat.deaths":68,"stat.drop":2,"cinder.kill":2,"stat.useItem.ancientwarfare.wooden_hammer":10,"stat.playOneMinute":68537,"stat.entityKilledBy.grimoireofgaia.dullahan":1,"stat.pickup.minecraft.torch":1,"stat.sneakTime":579,"stat.pickup.minecraft.slime_ball":3,"stat.mineBlock.midnight.nightshroom":1,"stat.killEntity.Zombie":2,"stat.pickup.zawa.care_guide":1,"stat.pickup.minecraft.stone_slab":10,"stat.mineBlock.minecraft.stone":24,"stat.diveOneCm":6985,"stat.pickup.minecraft.wheat":30}