{"stat.useItem.minecraft.bow":17,"stat.pickup.exoticbirds.bluejay_egg":8,"stat.leaveGame":6,"stat.useItem.minecraft.soul_sand":4,"stat.mineBlock.minecraft.sandstone":3,"stat.drop.minecraft.enchanted_book":1,"stat.pickup.zawa.worm":1,"stat.drop.quark.glass_shards":3,"stat.craftItem.minecraft.shield":1,"stat.drop.minecraft.feather":5,"stat.craftItem.iceandfire.armor_green_chestplate":1,"stat.pickup.lycanitesmobs.cooked_chupacabra_meat":1,"stat.useItem.minecraft.water_bucket":25,"stat.killEntity.primitivemobs.skeleton_warrior":1,"stat.pickup.minecraft.rotten_flesh":25,"stat.mineBlock.midnight.ghost_plant":1,"stat.pickup.exoticbirds.eggshell":4,"stat.craftItem.minecraft.stone_axe":2,"stat.entityKilledBy.primitivemobs.skeleton_warrior":1,"stat.pickup.iceandfire.chared_cobblestone":1,"stat.pickup.minecraft.bucket":1,"stat.drop.valoegheses_be.soil_waste":6,"stat.pickup.midnight.nightshroom":1,"stat.pickup.midnight.shadowroot_log":1,"stat.useItem.minecraft.ender_pearl":4,"stat.entityKilledBy.firedragon":57,"stat.pickup.minecraft.brown_mushroom":2,"stat.useItem.minecraft.iron_pickaxe":61,"stat.craftItem.minecraft.wooden_pickaxe":3,"stat.craftItem.minecraft.bed":2,"stat.mineBlock.minecraft.vine":1,"banshee.kill":12,"stat.furnaceInteraction":28,"stat.drop.dmonsters.entrailflesh":1,"stat.killEntity.ZombieVillager":1,"stat.entityKilledBy.grimoireofgaia.harpy":1,"xaphan.kill":1,"stat.pickup.lycanitesmobs.spectralboltcharge":6,"stat.pickup.exoticbirds.pigeon_egg":1,"stat.pickup.dmonsters.entrailflesh":1,"stat.drop.minecraft.pumpkin_seeds":2,"stat.useItem.minecraft.wheat_seeds":23,"stat.pickup.minecraft.pumpkin_seeds":3,"stat.pickup.minecraft.emerald":2,"stat.mineBlock.minecraft.soul_sand":1,"stat.useItem.minecraft.dye":142,"stat.deaths":178,"stat.playOneMinute":224957,"stat.entityKilledBy.grimoireofgaia.dullahan":1,"stat.drop.minecraft.string":1,"stat.craftItem.minecraft.iron_pickaxe":1,"stat.pickup.zawa.care_guide":2,"stat.entityKilledBy.grimoireofgaia.creep":1,"stat.chestOpened":92,"stat.pickup.minecraft.pumpkin":1,"stat.useItem.minecraft.stone":5,"stat.pickup.minecraft.arrow":30,"stat.pickup.minecraft.iron_sword":2,"stat.pickup.minecraft.gold_nugget":4,"geist.kill":1,"stat.fallOneCm":396235,"stat.pickup.valoegheses_be.soil_waste":15,"stat.crouchOneCm":7922,"stat.craftItem.exoticbirds.cooked_birdmeat":3,"stat.pickup.zawa.tortoise_shell":1,"stat.craftItem.minecraft.iron_ingot":20,"stat.pickup.minecraft.melon":11,"stat.drop.minecraft.slime_ball":2,"stat.craftingTableInteraction":46,"stat.pickup.primitivemobs.goblin_mace":1,"stat.pickup.minecraft.wooden_pickaxe":1,"stat.pickup.minecraft.feather":7,"stat.pickup.zawa.reptile_meat_cooked":1,"stat.pickup.minecraft.dye":6,"stat.pickup.minecraft.planks":50,"chupacabra.kill":1,"stat.pickup.minecraft.wheat_seeds":137,"stat.useItem.minecraft.stone_pickaxe":177,"stat.mineBlock.minecraft.glass":3,"stat.craftItem.minecraft.iron_leggings":2,"stat.mineBlock.minecraft.dirt":3,"stat.pickup.zawa.large_meat_cooked":2,"stat.useItem.minecraft.bread":30,"stat.useItem.minecraft.torch":59,"stat.killEntity.primitivemobs.bewitched_tome":4,"stat.pickup.minecraft.iron_nugget":3,"stat.drop.minecraft.rotten_flesh":6,"stat.useItem.minecraft.cobblestone":117,"stat.craftItem.minecraft.crafting_table":1,"stat.pickup.lycanitesmobs.embercharge":7,"tpumpkyn.kill":1,"stat.pickup.minecraft.log":9,"stat.pickup.minecraft.apple":1,"stat.useItem.minecraft.fireworks":29,"stat.useItem.exoticbirds.robin_egg":14,"stat.drop.minecraft.bow":1,"stat.craftItem.minecraft.bucket":1,"stat.craftItem.minecraft.planks":32,"stat.useItem.minecraft.iron_sword":201,"stat.pickup.iceandfire.dragonscales_green":9,"stat.pickup.lycanitesmobs.lifedraincharge":9,"stat.useItem.minecraft.stonebrick":5,"stat.pickup.minecraft.book":1,"stat.mineBlock.minecraft.log":7,"stat.craftItem.minecraft.wooden_door":6,"stat.useItem.minecraft.stone_hoe":23,"stat.useItem.minecraft.wooden_door":3,"stat.drop.lycanitesmobs.cooked_chupacabra_meat":1,"stat.sneakTime":1969,"stat.pickup.minecraft.wool":6,"stat.pickup.minecraft.stone_slab":12,"stat.drop.minecraft.stone_pickaxe":1,"stat.cakeSlicesEaten":4,"stat.pickup.minecraft.bone":27,"stat.pickup.lycanitesmobs.sprigganheart":1,"stat.craftItem.minecraft.cooked_rabbit":2,"stat.horseOneCm":14860,"stat.pickup.valoegheses_be.soil_dry":1,"stat.mineBlock.minecraft.cobblestone":23,"stat.mineBlock.iceandfire.chared_stone":2,"stat.useItem.minecraft.diamond_sword":31,"stat.drop.minecraft.iron_nugget":2,"stat.swimOneCm":23835,"stat.pickup.quark.glass_shards":9,"stat.climbOneCm":20726,"stat.pickup.minecraft.enchanted_book":9,"stat.drop.minecraft.cobblestone":53,"stat.drop.lycanitesmobs.sprigganheart":1,"stat.useItem.chococraft.gysahl_green":86,"stat.useItem.minecraft.stone_slab2":35,"stat.pickup.minecraft.bow":3,"stat.entityKilledBy.Endermite":2,"stat.craftItem.minecraft.furnace":1,"stat.craftItem.minecraft.iron_boots":2,"stat.drop.minecraft.ender_pearl":1,"stat.drop.minecraft.cooked_rabbit":2,"stat.craftItem.minecraft.stone_pickaxe":2,"stat.useItem.exoticbirds.cooked_birdmeat":3,"stat.pickup.everlastingabilities.ability_totem":1,"stat.pickup.minecraft.cobblestone":240,"stat.flyOneCm":1673692,"stat.pickup.minecraft.soul_sand":40,"stat.pickup.minecraft.sandstone":5,"stat.drop.minecraft.wheat_seeds":1,"stat.mineBlock.minecraft.iron_ore":20,"stat.timeSinceDeath":6667,"stat.mineBlock.midnight.shadowroot_log":1,"stat.pickup.minecraft.cake":3,"stat.pickup.minecraft.stonebrick":13,"stat.useItem.exoticbirds.pigeon_egg":1,"stat.pickup.exoticbirds.robin_egg":14,"stat.drop.minecraft.dirt":2,"stat.mineBlock.minecraft.coal_ore":30,"stat.pickup.zawa.bush_meat_cooked":1,"stat.pickup.midnight.ghost_plant":1,"stat.craftItem.minecraft.stone_hoe":1,"stat.pickup.minecraft.string":3,"stat.entityKilledBy.Skeleton":4,"stat.craftItem.minecraft.stone_slab2":0,"stat.drop.minecraft.oak_stairs":1,"stat.sprintOneCm":836484,"stat.mineBlock.minecraft.stone_slab":9,"stat.craftItem.minecraft.stick":48,"stat.craftItem.midnight.shadowroot_planks":4,"stat.pickup.minecraft.fireworks":77,"stat.mineBlock.minecraft.diamond_ore":1,"stat.pickup.chococraft.gysahl_green_seeds":89,"stat.entityKilledBy.Creeper":1,"stat.pickup.minecraft.vine":1,"stat.mineBlock.minecraft.planks":47,"stat.pickup.valoegheses_be.berry_bush":1,"stat.drop":45,"stat.useItem.ancientwarfare.wooden_hammer":10,"stat.pickup.minecraft.slime_ball":7,"stat.mineBlock.midnight.nightshroom":1,"stat.killEntity.primitivemobs.treasure_slime":3,"stat.killEntity.Zombie":10,"stat.craftItem.minecraft.dye":150,"stat.pickup.iceandfire.chared_dirt":6,"stat.diveOneCm":48015,"stat.pickup.minecraft.wheat":142,"stat.drop.minecraft.wooden_pickaxe":1,"stat.killEntity.Slime":2,"stat.useItem.minecraft.apple":2,"stat.pickup.minecraft.obsidian":2,"stat.useItem.minecraft.rotten_flesh":1,"stat.pickup.everlastingabilities.ability_bottle":3,"stat.craftItem.minecraft.diamond_sword":1,"stat.drop.minecraft.sandstone":3,"stat.jump":6041,"stat.pickup.minecraft.coal":34,"stat.pickup.minecraft.iron_ingot":11,"stat.useItem.minecraft.stone_axe":75,"stat.craftItem.minecraft.bread":46,"stat.pickup.iceandfire.chared_stone":3,"stat.pickup.minecraft.spider_eye":1,"stat.craftItem.minecraft.torch":48,"stat.killEntity.primitivemobs.goblin":5,"stat.pickup.minecraft.dirt":4,"stat.craftItem.minecraft.iron_helmet":2,"stat.pickup.minecraft.iron_ore":20,"stat.drop.iceandfire.chared_grass":1,"stat.useItem.exoticbirds.bluejay_egg":8,"roc.kill":3,"reaper.kill":1,"stat.damageTaken":58992,"stat.pickup.minecraft.leather":4,"stat.mineBlock.minecraft.torch":21,"stat.mineBlock.minecraft.melon_block":2,"stat.dispenserInspected":2,"stat.useItem.minecraft.wooden_pickaxe":42,"stat.mineBlock.minecraft.mycelium":1,"stat.useItem.valoegheses_be.soil_waste":6,"stat.pickup.minecraft.bed":7,"stat.drop.chococraft.gysahl_green":1,"stat.pickup.minecraft.oak_stairs":1,"stat.entityKilledBy.Zombie":1,"stat.pickup.exoticbirds.birdmeat":5,"stat.damageDealt":15634,"stat.pickup.iceandfire.chared_grass":9,"stat.sleepInBed":14,"stat.pickup.chococraft.gysahl_green":94,"stat.killEntity.Silverfish":3,"stat.craftItem.minecraft.iron_sword":1,"geonach.kill":1,"stat.walkOneCm":567893,"stat.playerKills":1,"stat.drop.minecraft.wheat":1,"stat.pickup.minecraft.stick":25,"stat.entityKilledBy.grimoireofgaia.banshee":1,"stat.pickup.minecraft.clay_ball":1,"spriggan.kill":4,"stat.drop.everlastingabilities.ability_bottle":1,"stat.useItem.minecraft.melon":11,"stat.drop.iceandfire.chared_dirt":5,"stat.entityKilledBy.grimoireofgaia.minotaurus":2,"stat.drop.minecraft.iron_chestplate":1,"stat.pickup.minecraft.stone":8,"stat.craftItem.minecraft.iron_chestplate":1,"stat.drop.minecraft.emerald":1,"stat.pickup.minecraft.ender_pearl":14,"stat.useItem.zawa.large_meat_cooked":1,"stat.pickup.minecraft.ladder":3,"stat.drop.chococraft.gysahl_green_seeds":1,"stat.killEntity.Skeleton":16,"stat.mineBlock.minecraft.stonebrick":2,"stat.killEntity.Spider":1,"stat.killEntity.grimoireofgaia.harpy":1,"stat.mobKills":83,"cinder.kill":2,"stat.pickup.minecraft.diamond":2,"stat.pickup.minecraft.torch":21,"stat.pickup.lycanitesmobs.acidsplashcharge":2,"stat.drop.minecraft.arrow":5,"stat.mineBlock.minecraft.stone":155,"stat.mineBlock.valoegheses_be.soil_waste":12}