{"stat.chestOpened":9,"stat.pickup.minecraft.bone":3,"stat.leaveGame":1,"stat.pickup.valoegheses_be.soil_dry":7,"stat.mineBlock.minecraft.cobblestone":4,"stat.killEntity.Slime":1,"stat.useItem.minecraft.apple":1,"stat.pickup.everlastingabilities.ability_bottle":2,"stat.jump":392,"stat.swimOneCm":3050,"stat.pickup.minecraft.fence":3,"stat.pickup.minecraft.coal":6,"stat.fallOneCm":29526,"stat.climbOneCm":656,"stat.pickup.minecraft.gunpowder":3,"stat.crouchOneCm":530,"stat.craftItem.minecraft.torch":4,"stat.pickup.minecraft.dirt":29,"stat.useItem.minecraft.dirt":2,"stat.useItem.chococraft.gysahl_green":18,"stat.useItem.minecraft.stone_slab2":5,"stat.craftingTableInteraction":4,"stat.pickup.lycanitesmobs.bloodleechcharge":1,"roc.kill":1,"stat.entityKilledBy.primitivemobs.skeleton_warrior":1,"stat.pickup.minecraft.wooden_pickaxe":1,"stat.damageTaken":3132,"stat.pickup.minecraft.leather":1,"stat.craftItem.minecraft.stone_pickaxe":1,"stat.mineBlock.minecraft.torch":1,"stat.dispenserInspected":4,"stat.useItem.minecraft.wooden_pickaxe":3,"stat.pickup.minecraft.cobblestone":10,"stat.pickup.minecraft.planks":1,"stat.flyOneCm":112725,"stat.pickup.minecraft.bed":1,"stat.pickup.minecraft.oak_stairs":1,"stat.useItem.minecraft.stone_pickaxe":24,"stat.damageDealt":300,"stat.timeSinceDeath":1354,"stat.pickup.chococraft.gysahl_green":20,"stat.mineBlock.minecraft.dirt":4,"stat.craftItem.minecraft.wooden_pickaxe":1,"stat.walkOneCm":61709,"stat.useItem.minecraft.torch":3,"stat.entityKilledBy.grimoireofgaia.banshee":1,"stat.pickup.minecraft.clay_ball":3,"stat.pickup.minecraft.stonebrick":1,"stat.craftItem.minecraft.crafting_table":1,"stat.drop.everlastingabilities.ability_bottle":1,"stat.mineBlock.minecraft.coal_ore":6,"stat.pickup.minecraft.log":5,"stat.pickup.minecraft.sapling":1,"stat.sprintOneCm":54793,"stat.pickup.minecraft.apple":1,"stat.useItem.minecraft.fence":1,"stat.craftItem.minecraft.stick":8,"stat.pickup.dmonsters.entrailflesh":1,"stat.mineBlock.minecraft.stonebrick":1,"stat.craftItem.minecraft.planks":20,"stat.useItem.minecraft.snowball":2,"stat.mobKills":2,"stat.mineBlock.minecraft.log":6,"stat.pickup.chococraft.gysahl_green_seeds":34,"stat.deaths":9,"stat.drop":1,"stat.mineBlock.minecraft.leaves":2,"stat.playOneMinute":20804,"stat.entityKilledBy.grimoireofgaia.dullahan":3,"stat.pickup.minecraft.torch":2,"stat.sneakTime":288,"stat.pickup.minecraft.slime_ball":2,"stat.mineBlock.valoegheses_be.soil_dry":1,"stat.pickup.lycanitesmobs.epionwing":1,"stat.pickup.zawa.care_guide":1,"stat.pickup.minecraft.snowball":4,"stat.pickup.primitivemobs.camouflage_dye":1,"stat.mineBlock.minecraft.stone":7,"stat.diveOneCm":1079}