{"stat.cakeSlicesEaten":4,"stat.pickup.zawa.bird_meat_cooked":1,"stat.pickup.minecraft.bone":16,"stat.pickup.iceandfire.fire_dragon_flesh":5,"stat.useItem.minecraft.iron_axe":45,"stat.leaveGame":8,"stat.pickup.valoegheses_be.soil_dry":11,"stat.mineBlock.minecraft.cobblestone":7,"stat.pickup.minecraft.flint":3,"stat.useItem.minecraft.soul_sand":6,"stat.mineBlock.minecraft.brown_mushroom":1,"stat.useItem.zawa.bird_meat_cooked":1,"stat.drop.minecraft.enchanted_book":1,"stat.swimOneCm":33234,"stat.pickup.quark.glass_shards":5,"stat.climbOneCm":4693,"stat.useItem.minecraft.planks":3,"stat.pickup.minecraft.enchanted_book":1,"balayang.kill":2,"stat.useItem.minecraft.dirt":2,"stat.useItem.chococraft.gysahl_green":28,"stat.useItem.minecraft.stone_slab2":19,"stat.drop.minecraft.iron_sword":1,"stat.pickup.lycanitesmobs.bloodleechcharge":2,"stat.pickup.minecraft.rotten_flesh":3,"stat.pickup.minecraft.cooked_rabbit":1,"stat.craftItem.minecraft.stone_axe":1,"stat.entityKilledBy.primitivemobs.rocket_creeper":1,"stat.entityKilledBy.primitivemobs.skeleton_warrior":1,"stat.craftItem.minecraft.stone_pickaxe":1,"stat.useItem.exoticbirds.cooked_birdmeat":1,"stat.pickup.everlastingabilities.ability_totem":1,"stat.pickup.minecraft.cobblestone":72,"stat.flyOneCm":1018054,"stat.pickup.minecraft.sandstone":1,"stat.pickup.minecraft.soul_sand":20,"stat.useItem.minecraft.ender_pearl":4,"stat.entityKilledBy.firedragon":63,"stat.pickup.minecraft.brown_mushroom":1,"stat.pickup.minecraft.fish":2,"stat.pickup.quark.marble":6,"stat.craftItem.minecraft.cooked_fish":9,"stat.timeSinceDeath":2122,"stat.useItem.minecraft.iron_pickaxe":67,"stat.craftItem.minecraft.wooden_pickaxe":1,"stat.craftItem.minecraft.bed":1,"stat.mineBlock.minecraft.vine":1,"stat.pickup.minecraft.stonebrick":7,"banshee.kill":5,"stat.furnaceInteraction":18,"krake.kill":1,"stat.pickup.iceandfire.dragon_skull":1,"stat.mineBlock.minecraft.coal_ore":6,"stat.entityKilledBy.grimoireofgaia.harpy":6,"stat.pickup.lycanitesmobs.bansheeeye":2,"stat.craftItem.minecraft.leather_helmet":1,"stat.craftItem.minecraft.stone_slab2":0,"stat.pickup.lycanitesmobs.spectralboltcharge":3,"stat.entityKilledBy.primitivemobs.goblin":1,"stat.sprintOneCm":393610,"stat.mineBlock.minecraft.stone_slab":2,"stat.useItem.minecraft.fence":1,"stat.craftItem.minecraft.stick":12,"stat.pickup.dmonsters.entrailflesh":1,"stat.pickup.mca.rose_gold_ore":2,"stat.mineBlock.iceandfire.ash":2,"stat.useItem.minecraft.snowball":2,"stat.mineBlock.minecraft.diamond_ore":2,"stat.mineBlock.minecraft.fence":2,"stat.pickup.minecraft.emerald":2,"stat.mineBlock.minecraft.soul_sand":3,"stat.pickup.chococraft.gysahl_green_seeds":50,"stat.pickup.lycanitesmobs.raw_krake_meat":2,"stat.pickup.lycanitesmobs.raw_chupacabra_meat":1,"stat.deaths":182,"stat.mineBlock.minecraft.planks":1,"stat.pickup.lycanitesmobs.geistliver":3,"stat.drop":5,"stat.playOneMinute":157918,"stat.entityKilledBy.grimoireofgaia.dullahan":3,"stat.pickup.lycanitesmobs.immunizer":1,"stat.pickup.minecraft.blaze_rod":1,"stat.pickup.minecraft.slime_ball":2,"stat.mineBlock.valoegheses_be.soil_dry":5,"stat.useItem.minecraft.melon_seeds":1,"stat.killEntity.Zombie":6,"stat.pickup.zawa.care_guide":1,"stat.pickup.minecraft.snowball":4,"stat.craftItem.minecraft.dye":12,"stat.pickup.primitivemobs.camouflage_dye":1,"stat.pickup.iceandfire.chared_dirt":9,"stat.mineBlock.minecraft.tallgrass":2,"stat.diveOneCm":21982,"stat.useItem.valoegheses_be.soil_dry":1,"stat.pickup.minecraft.wheat":60,"stat.chestOpened":88,"stat.useItem.minecraft.cooked_rabbit":1,"gorgomite.kill":4,"stat.pickup.minecraft.arrow":1,"stat.killEntity.Slime":1,"stat.useItem.minecraft.apple":5,"stat.pickup.minecraft.obsidian":1,"stat.useItem.minecraft.rotten_flesh":1,"stat.drop.minecraft.apple":1,"stat.pickup.everlastingabilities.ability_bottle":2,"stat.jump":3785,"stat.pickup.minecraft.fence":5,"stat.pickup.minecraft.coal":8,"stat.fallOneCm":338397,"stat.pickup.minecraft.iron_ingot":1,"stat.useItem.minecraft.stone_axe":8,"stat.pickup.valoegheses_be.soil_waste":1,"stat.pickup.minecraft.gunpowder":3,"stat.craftItem.minecraft.bread":20,"stat.crouchOneCm":2526,"stat.pickup.iceandfire.chared_stone":1,"stat.pickup.zawa.tortoise_shell":1,"stat.craftItem.exoticbirds.cooked_birdmeat":1,"stat.pickup.minecraft.spider_eye":1,"stat.craftItem.minecraft.torch":4,"stat.craftItem.minecraft.iron_ingot":2,"stat.pickup.minecraft.dirt":42,"stat.craftingTableInteraction":19,"stat.pickup.minecraft.iron_ore":3,"stat.pickup.iceandfire.fire_dragon_heart":1,"stat.mineBlock.mca.rose_gold_ore":2,"roc.kill":1,"reaper.kill":1,"stat.pickup.minecraft.wooden_pickaxe":1,"stat.damageTaken":59493,"stat.pickup.minecraft.leather":5,"stat.pickup.minecraft.feather":4,"stat.mineBlock.minecraft.torch":1,"stat.dispenserInspected":4,"stat.useItem.minecraft.wooden_pickaxe":3,"stat.pickup.minecraft.prismarine_shard":2,"stat.pickup.minecraft.planks":2,"stat.killEntity.CaveSpider":1,"stat.pickup.minecraft.bed":3,"stat.pickup.minecraft.wheat_seeds":97,"stat.pickup.minecraft.oak_stairs":1,"stat.entityKilledBy.Zombie":1,"stat.useItem.minecraft.stone_pickaxe":24,"stat.mineBlock.minecraft.glass":1,"stat.pickup.exoticbirds.birdmeat":1,"stat.craftItem.minecraft.iron_leggings":1,"stat.damageDealt":6642,"stat.pickup.iceandfire.chared_grass":10,"stat.sleepInBed":4,"stat.pickup.chococraft.gysahl_green":28,"stat.mineBlock.minecraft.dirt":7,"stat.walkOneCm":471393,"stat.useItem.minecraft.torch":3,"stat.useItem.minecraft.bread":24,"stat.playerKills":1,"stat.entityKilledBy.grimoireofgaia.banshee":1,"stat.pickup.minecraft.clay_ball":4,"stat.useItem.minecraft.cobblestone":54,"stat.pickup.lycanitesmobs.ventoraptorskull":2,"stat.craftItem.minecraft.crafting_table":1,"stat.pickup.lycanitesmobs.embercharge":26,"spriggan.kill":1,"stat.craftItem.minecraft.leather_boots":1,"stat.drop.everlastingabilities.ability_bottle":1,"stat.mineBlock.minecraft.emerald_ore":1,"stat.pickup.minecraft.log":13,"stat.useItem.minecraft.cooked_fish":8,"stat.entityKilledBy.grimoireofgaia.minotaurus":1,"stat.pickup.minecraft.stone":2,"stat.pickup.minecraft.sapling":1,"stat.pickup.minecraft.ender_pearl":9,"stat.pickup.minecraft.apple":1,"stat.pickup.minecraft.ladder":2,"stat.killEntity.horse_colors:horse_felinoid":1,"stat.killEntity.Skeleton":1,"stat.mineBlock.minecraft.stonebrick":1,"stat.craftItem.minecraft.planks":48,"stat.useItem.minecraft.iron_sword":43,"stat.craftItem.lycanitesmobs.cooked_chupacabra_meat":1,"stat.pickup.iceandfire.dragonscales_green":18,"stat.killEntity.Spider":1,"stat.mobKills":40,"stat.pickup.lycanitesmobs.lifedraincharge":2,"stat.mineBlock.minecraft.log":13,"stat.entityKilledBy.hippogryph":1,"stat.mineBlock.minecraft.waterlily":1,"stat.pickup.iceandfire.dragonbone":8,"stat.drop.lycanitesmobs.cooked_chupacabra_meat":1,"cinder.kill":6,"stat.pickup.minecraft.diamond":2,"stat.mineBlock.minecraft.leaves":3,"stat.pickup.minecraft.torch":4,"stat.pickup.minecraft.red_flower":2,"stat.sneakTime":1416,"stat.pickup.minecraft.rabbit":2,"stat.pickup.lycanitesmobs.epionwing":1,"stat.pickup.minecraft.stone_slab":2,"stat.mineBlock.minecraft.stone":62}