{"stat.pickup.zawa.bird_meat_cooked":1,"stat.pickup.minecraft.bone":6,"stat.pickup.iceandfire.fire_dragon_flesh":5,"stat.useItem.minecraft.iron_axe":14,"stat.leaveGame":4,"stat.pickup.valoegheses_be.soil_dry":7,"stat.mineBlock.minecraft.cobblestone":4,"stat.mineBlock.minecraft.brown_mushroom":1,"stat.useItem.zawa.bird_meat_cooked":1,"stat.swimOneCm":21111,"stat.pickup.quark.glass_shards":2,"stat.climbOneCm":3955,"stat.useItem.minecraft.dirt":2,"stat.useItem.chococraft.gysahl_green":24,"stat.useItem.minecraft.stone_slab2":6,"stat.pickup.lycanitesmobs.bloodleechcharge":1,"stat.craftItem.minecraft.stone_axe":1,"stat.entityKilledBy.primitivemobs.skeleton_warrior":1,"stat.craftItem.minecraft.stone_pickaxe":1,"stat.useItem.exoticbirds.cooked_birdmeat":1,"stat.pickup.everlastingabilities.ability_totem":1,"stat.pickup.minecraft.cobblestone":21,"stat.flyOneCm":469962,"stat.entityKilledBy.firedragon":35,"stat.pickup.minecraft.brown_mushroom":1,"stat.timeSinceDeath":800,"stat.craftItem.minecraft.wooden_pickaxe":1,"stat.pickup.minecraft.stonebrick":7,"stat.furnaceInteraction":4,"krake.kill":1,"stat.pickup.iceandfire.dragon_skull":1,"stat.mineBlock.minecraft.coal_ore":6,"stat.entityKilledBy.grimoireofgaia.harpy":1,"stat.craftItem.minecraft.stone_slab2":0,"stat.sprintOneCm":171949,"stat.useItem.minecraft.fence":1,"stat.craftItem.minecraft.stick":12,"stat.pickup.dmonsters.entrailflesh":1,"stat.useItem.minecraft.snowball":2,"stat.mineBlock.minecraft.fence":2,"stat.pickup.chococraft.gysahl_green_seeds":34,"stat.pickup.lycanitesmobs.raw_krake_meat":2,"stat.deaths":95,"stat.drop":2,"stat.playOneMinute":66082,"stat.entityKilledBy.grimoireofgaia.dullahan":3,"stat.pickup.lycanitesmobs.immunizer":1,"stat.pickup.minecraft.blaze_rod":1,"stat.pickup.minecraft.slime_ball":2,"stat.mineBlock.valoegheses_be.soil_dry":1,"stat.pickup.zawa.care_guide":1,"stat.pickup.minecraft.snowball":4,"stat.pickup.primitivemobs.camouflage_dye":1,"stat.pickup.iceandfire.chared_dirt":2,"stat.diveOneCm":7911,"stat.pickup.minecraft.wheat":59,"stat.chestOpened":19,"stat.killEntity.Slime":1,"stat.useItem.minecraft.apple":5,"stat.drop.minecraft.apple":1,"stat.pickup.everlastingabilities.ability_bottle":2,"stat.jump":1475,"stat.pickup.minecraft.fence":5,"stat.pickup.minecraft.coal":8,"stat.fallOneCm":170596,"stat.useItem.minecraft.stone_axe":4,"stat.pickup.minecraft.gunpowder":3,"stat.craftItem.minecraft.bread":19,"stat.crouchOneCm":1345,"stat.pickup.zawa.tortoise_shell":1,"stat.craftItem.exoticbirds.cooked_birdmeat":1,"stat.craftItem.minecraft.torch":4,"stat.pickup.minecraft.dirt":29,"stat.craftingTableInteraction":9,"stat.pickup.minecraft.iron_ore":1,"stat.pickup.iceandfire.fire_dragon_heart":1,"roc.kill":1,"stat.pickup.minecraft.wooden_pickaxe":1,"stat.damageTaken":29004,"stat.pickup.minecraft.leather":2,"stat.pickup.minecraft.feather":3,"stat.mineBlock.minecraft.torch":1,"stat.dispenserInspected":4,"stat.useItem.minecraft.wooden_pickaxe":3,"stat.pickup.minecraft.planks":1,"stat.pickup.minecraft.bed":1,"stat.pickup.minecraft.wheat_seeds":94,"stat.pickup.minecraft.oak_stairs":1,"stat.useItem.minecraft.stone_pickaxe":24,"stat.pickup.exoticbirds.birdmeat":1,"stat.damageDealt":2675,"stat.pickup.iceandfire.chared_grass":2,"stat.pickup.chococraft.gysahl_green":20,"stat.mineBlock.minecraft.dirt":4,"stat.walkOneCm":211991,"stat.useItem.minecraft.torch":3,"stat.useItem.minecraft.bread":7,"stat.entityKilledBy.grimoireofgaia.banshee":1,"stat.pickup.minecraft.clay_ball":4,"stat.useItem.minecraft.cobblestone":3,"stat.pickup.lycanitesmobs.ventoraptorskull":1,"stat.craftItem.minecraft.crafting_table":1,"stat.pickup.lycanitesmobs.embercharge":25,"spriggan.kill":1,"stat.drop.everlastingabilities.ability_bottle":1,"stat.pickup.minecraft.log":5,"stat.entityKilledBy.grimoireofgaia.minotaurus":1,"stat.pickup.minecraft.sapling":1,"stat.pickup.minecraft.apple":1,"stat.pickup.minecraft.ladder":2,"stat.killEntity.horse_colors:horse_felinoid":1,"stat.mineBlock.minecraft.stonebrick":1,"stat.craftItem.minecraft.planks":20,"stat.pickup.iceandfire.dragonscales_green":18,"stat.mobKills":14,"stat.pickup.lycanitesmobs.lifedraincharge":2,"stat.mineBlock.minecraft.log":6,"stat.pickup.iceandfire.dragonbone":8,"cinder.kill":6,"stat.mineBlock.minecraft.leaves":2,"stat.pickup.minecraft.torch":3,"stat.sneakTime":736,"stat.pickup.lycanitesmobs.epionwing":1,"stat.mineBlock.minecraft.stone":7}