{"stat.pickup.lycanitesmobs.soulstone_worm":1,"stat.useItem.minecraft.bow":94,"stat.pickup.minecraft.wooden_slab":5,"stat.pickup.iceandfire.fire_dragon_flesh":5,"stat.pickup.lycanitesmobs.chaosorbcharge":5,"stat.leaveGame":18,"darkling.kill":3,"stat.useItem.zawa.bird_meat_cooked":1,"stat.drop.ancientwarfarenpc.iron_shield":1,"stat.drop.minecraft.enchanted_book":1,"stat.pickup.zawa.worm":2,"balayang.kill":2,"stat.drop.minecraft.iron_sword":1,"stat.pickup.lycanitesmobs.bloodleechcharge":2,"stat.killEntity.primitivemobs.skeleton_warrior":7,"stat.pickup.minecraft.rotten_flesh":97,"stat.craftItem.minecraft.stone_axe":3,"stat.entityKilledBy.primitivemobs.rocket_creeper":1,"stat.pickup.minecraft.cobblestone_wall":1,"stat.mineBlock.minecraft.wooden_slab":2,"stat.pickup.minecraft.leather_boots":1,"stat.craftItem.lycanitesmobs.equipmentforge_lesser":1,"stat.craftItem.minecraft.iron_shovel":1,"stat.pickup.minecraft.brown_mushroom":1,"stat.killEntity.Witch":1,"stat.pickup.grimoireofgaia.shard":10,"stat.useItem.minecraft.spider_eye":1,"stat.pickup.iceandfire.silver_ingot":1,"stat.useItem.minecraft.iron_pickaxe":258,"stat.craftItem.minecraft.wooden_pickaxe":1,"stat.craftItem.minecraft.bed":2,"stat.pickup.minecraft.firework_charge":1,"stat.mineBlock.minecraft.vine":1,"banshee.kill":8,"stat.furnaceInteraction":73,"stat.pickup.lycanitesmobs.bansheeeye":2,"stat.craftItem.minecraft.leather_helmet":1,"stat.useItem.quark.marble":2,"stat.pickup.lycanitesmobs.spectralboltcharge":15,"stat.entityKilledBy.primitivemobs.goblin":1,"stat.pickup.minecraft.hay_block":12,"stat.pickup.minecraft.leather_helmet":1,"stat.useItem.minecraft.fence":46,"stat.pickup.mca.rose_gold_ore":10,"stat.mineBlock.minecraft.fence":25,"stat.useItem.minecraft.wheat_seeds":2,"stat.pickup.grimoireofgaia.food_small_apple_gold":1,"stat.pickup.minecraft.emerald":3,"stat.useItem.minecraft.dye":111,"stat.pickup.lycanitesmobs.raw_krake_meat":4,"jabberwock.kill":1,"stat.pickup.lycanitesmobs.raw_chupacabra_meat":1,"stat.deaths":196,"stat.pickup.lycanitesmobs.geistliver":5,"stat.killEntity.primitivemobs.rocket_creeper":1,"stat.entityKilledBy.grimoireofgaia.dullahan":3,"stat.craftItem.minecraft.iron_pickaxe":1,"stat.pickup.zawa.care_guide":1,"stat.pickup.ancientwarfarenpc.iron_lance":4,"stat.mineBlock.minecraft.tallgrass":11,"stat.craftItem.minecraft.cooked_mutton":2,"stat.pickup.minecraft.cooked_mutton":1,"stat.chestOpened":600,"stat.useItem.minecraft.cooked_rabbit":5,"stat.pickup.lycanitesmobs.darklingskull":1,"stat.pickup.minecraft.arrow":95,"stat.pickup.minecraft.iron_sword":4,"uvaraptor.kill":12,"stat.pickup.minecraft.gold_nugget":6,"geist.kill":3,"stat.craftItem.minecraft.coal":36,"stat.crouchOneCm":23959,"stat.mineBlock.minecraft.chest":6,"stat.pickup.minecraft.rail":1,"stat.pickup.zawa.tortoise_shell":1,"stat.craftItem.exoticbirds.cooked_birdmeat":1,"stat.craftItem.minecraft.iron_ingot":39,"stat.craftingTableInteraction":66,"stat.pickup.minecraft.wooden_pickaxe":1,"stat.pickup.ancientwarfarenpc.iron_shield":27,"stat.pickup.minecraft.planks":31,"barghest.kill":1,"stat.pickup.minecraft.wheat_seeds":113,"stat.mineBlock.minecraft.glass":1,"djinn.kill":3,"stat.mineBlock.minecraft.ender_chest":2,"stat.mineBlock.minecraft.dirt":87,"stat.pickup.minecraft.poisonous_potato":1,"stat.pickup.ancientwarfarevehicle.spawner":9,"stat.useItem.minecraft.bread":61,"stat.useItem.minecraft.cobblestone":500,"stat.craftItem.lycanitesmobs.woodenrod":1,"stat.pickup.lycanitesmobs.embercharge":54,"stat.craftItem.minecraft.leather_boots":1,"stat.useItem.valoegheses_be.berry_bush":1,"stat.drop.ancientwarfarenpc.iron_spear":3,"stat.pickup.minecraft.iron_pickaxe":1,"stat.craftItem.minecraft.gold_ingot":79,"stat.mineBlock.valoegheses_be.leaves_manuka":22,"stat.pickup.minecraft.apple":1,"stat.pickup.minecraft.coal_block":7,"stat.pickup.lycanitesmobs.argustail":1,"stat.craftItem.minecraft.bucket":1,"stat.craftItem.minecraft.planks":260,"stat.useItem.minecraft.iron_sword":1007,"stat.pickup.iceandfire.dragonscales_green":18,"stat.craftItem.lycanitesmobs.ironhilt":1,"stat.pickup.minecraft.book":4,"stat.useItem.minecraft.stonebrick":26,"stat.mineBlock.minecraft.log":59,"stat.mineBlock.minecraft.waterlily":1,"stat.pickup.iceandfire.dragonbone":8,"stat.pickup.minecraft.red_flower":23,"stat.pickup.minecraft.wool":2,"ent.kill":1,"stat.pickup.lycanitesmobs.epionwing":1,"stat.useItem.minecraft.chorus_fruit":3,"stat.cakeSlicesEaten":4,"stat.killEntity.grimoireofgaia.banshee":1,"stat.useItem.minecraft.iron_axe":180,"stat.mineBlock.minecraft.cobblestone":41,"stat.pickup.minecraft.flint":6,"stat.drop.minecraft.saddle":1,"stat.pickup.minecraft.enchanted_book":4,"stat.pickup.minecraft.cooked_porkchop":3,"stat.useItem.chococraft.gysahl_green":46,"stat.useItem.minecraft.stone_slab2":125,"stat.pickup.minecraft.bow":9,"stat.craftItem.minecraft.furnace":2,"stat.craftItem.minecraft.spruce_boat":1,"stat.drop.minecraft.cooked_rabbit":1,"stat.useItem.exoticbirds.cooked_birdmeat":1,"stat.flyOneCm":2026030,"stat.drop.minecraft.iron_helmet":1,"stat.pickup.minecraft.sandstone":1,"stat.pickup.minecraft.fish":2,"stat.timeSinceDeath":196221,"stat.craftItem.ancientwarfarestructure.fire_pit":4,"stat.pickup.travelersbackpack.travelers_backpack":2,"stat.useItem.minecraft.potato":2,"stat.craftItem.minecraft.concrete_powder":8,"stat.mineBlock.minecraft.coal_ore":68,"stat.breakItem.minecraft.iron_sword":1,"stat.craftItem.minecraft.stone_hoe":1,"stat.pickup.minecraft.string":65,"stat.pickup.lycanitesmobs.scorchfireballcharge":1,"grue.kill":2,"troll.kill":1,"stat.sprintOneCm":1032003,"stat.mineBlock.minecraft.stone_slab":2,"stat.craftItem.minecraft.wooden_axe":1,"stat.useItem.minecraft.snowball":7,"stat.mineBlock.minecraft.diamond_ore":2,"stat.pickup.minecraft.fireworks":1,"stat.mineBlock.quark.marble":4,"stat.pickup.valoegheses_be.berry_bush":1,"stat.pickup.lycanitesmobs.uvaraptorskull":1,"stat.pickup.lycanitesmobs.immunizer":2,"stat.killEntity.primitivemobs.harpy":5,"stat.pickup.minecraft.iron_block":3,"stat.killEntity.Zombie":72,"stat.pickup.minecraft.snowball":15,"stat.craftItem.minecraft.dye":248,"stat.pickup.iceandfire.chared_dirt":9,"stat.mineBlock.minecraft.gold_ore":49,"stat.diveOneCm":74234,"stat.pickup.minecraft.wheat":69,"stat.useItem.zawa.rat_raw":1,"stat.mineBlock.minecraft.mossy_cobblestone":3,"stat.pickup.ancientwarfarenpc.iron_spear":24,"gorgomite.kill":4,"stat.pickup.lycanitesmobs.grueclaw":1,"stat.pickup.minecraft.obsidian":25,"stat.useItem.minecraft.rotten_flesh":81,"stat.drop.minecraft.apple":1,"stat.jump":8385,"stat.pickup.minecraft.coal":123,"stat.pickup.minecraft.iron_ingot":13,"stat.pickup.minecraft.gunpowder":55,"stat.pickup.iceandfire.chared_stone":1,"stat.craftItem.minecraft.torch":80,"stat.pickup.minecraft.dirt":146,"stat.pickup.iceandfire.fire_dragon_heart":1,"roc.kill":1,"reaper.kill":12,"stat.pickup.minecraft.gold_ore":59,"stat.mineBlock.minecraft.glass_pane":4,"stat.damageTaken":118725,"stat.useItem.minecraft.stone_brick_stairs":1,"stat.mineBlock.minecraft.torch":32,"stat.mineBlock.minecraft.red_flower":6,"stat.pickup.minecraft.ender_eye":2,"stat.useItem.valoegheses_be.soil_waste":5,"stat.pickup.minecraft.bed":14,"stat.killEntity.hippogryph":1,"stat.pickup.minecraft.potato":68,"stat.entityKilledBy.Zombie":1,"stat.pickup.minecraft.diamond_axe":2,"stat.pickup.exoticbirds.birdmeat":1,"stat.pickup.iceandfire.chared_grass":10,"stat.pickup.chococraft.ability_fruit":5,"stat.pickup.chococraft.gysahl_green":44,"geonach.kill":12,"stat.animalsBred":1,"stat.useItem.minecraft.chest":3,"stat.entityKilledBy.grimoireofgaia.banshee":1,"stat.useItem.minecraft.tnt":6,"stat.drop.everlastingabilities.ability_bottle":1,"stat.useItem.ancientwarfarenpc.iron_halberd":165,"stat.useItem.minecraft.melon":2,"stat.craftItem.minecraft.wheat":100,"stat.craftItem.minecraft.iron_chestplate":2,"stat.pickup.minecraft.ender_pearl":29,"stat.pickup.minecraft.ladder":2,"stat.killEntity.horse_colors:horse_felinoid":1,"stat.mineBlock.minecraft.tnt":11,"stat.mineBlock.minecraft.stonebrick":68,"stat.killEntity.grimoireofgaia.harpy":1,"stat.mobKills":403,"stat.entityKilledBy.hippogryph":1,"stat.pickup.minecraft.diamond":25,"stat.pickup.minecraft.torch":54,"stat.useItem.minecraft.string":1,"stat.pickup.ancientwarfarenpc.iron_halberd":3,"stat.pickup.grimoireofgaia.misc_soul_fire":2,"stat.useItem.minecraft.soul_sand":10,"stat.craftItem.minecraft.iron_axe":1,"ventoraptor.kill":1,"stat.useItem.minecraft.planks":48,"stat.pickup.minecraft.blaze_powder":15,"stat.useItem.minecraft.water_bucket":3,"stat.drop.travelersbackpack.travelers_backpack":2,"stat.mineBlock.minecraft.stone_brick_stairs":1,"stat.pickup.minecraft.sand":12,"stat.killEntity.primitivemobs.festive_creeper":1,"stat.entityKilledBy.primitivemobs.skeleton_warrior":1,"stat.pickup.minecraft.wooden_hoe":1,"shade.kill":1,"stat.craftItem.minecraft.stone_sword":2,"stat.useItem.minecraft.ender_pearl":15,"stat.entityKilledBy.firedragon":63,"stat.mineBlock.minecraft.sand":12,"stat.pickup.quark.marble":10,"stat.craftItem.minecraft.cooked_fish":9,"stat.pickup.lycanitesmobs.boulderblastcharge":2,"stat.craftItem.minecraft.blaze_powder":4,"stat.pickup.iceandfire.dragon_skull":1,"stat.entityKilledBy.grimoireofgaia.harpy":6,"stat.useItem.minecraft.cooked_mutton":3,"stat.pickup.minecraft.furnace":1,"stat.pickup.minecraft.iron_chestplate":1,"stat.useItem.minecraft.stone_stairs":3,"stat.pickup.minecraft.skull":1,"stat.pickup.dmonsters.entrailflesh":1,"stat.mineBlock.iceandfire.ash":2,"stat.killEntity.Horse":1,"stat.pickup.minecraft.stone_stairs":1,"afrit.kill":2,"stat.pickup.minecraft.pumpkin_seeds":2,"stat.pickup.minecraft.fermented_spider_eye":3,"stat.mineBlock.minecraft.soul_sand":3,"stat.drop.lycanitesmobs.equipment":1,"stat.mineBlock.minecraft.oak_stairs":1,"stat.playOneMinute":618503,"stat.pickup.minecraft.blaze_rod":6,"stat.mineBlock.valoegheses_be.soil_dry":5,"stat.pickup.ancientwarfarenpc.coin":167,"stat.useItem.ancientwarfarenpc.iron_lance":103,"stat.mineBlock.minecraft.ice":3,"stat.craftItem.lycanitesmobs.ironpaxel":1,"stat.pickup.minecraft.cooked_chicken":3,"stat.fallOneCm":562447,"stat.pickup.valoegheses_be.soil_waste":7,"stat.pickup.minecraft.melon_seeds":3,"stat.craftItem.minecraft.chest":3,"stat.pickup.minecraft.melon":1,"stat.killEntity.primitivemobs.chameleon":1,"stat.useItem.ancientwarfarenpc.iron_shield":8,"stat.craftItem.lycanitesmobs.woodenhilt":1,"stat.pickup.minecraft.feather":41,"stat.pickup.zawa.raw_frog_leg":1,"stat.craftItem.lycanitesmobs.ironrod":1,"stat.pickup.minecraft.iron_leggings":1,"tremor.kill":7,"stat.mineBlock.minecraft.gravel":4,"stat.useItem.minecraft.stone_pickaxe":98,"stat.killEntity.grimoireofgaia.valkyrie":2,"stat.craftItem.minecraft.iron_leggings":2,"stat.useItem.minecraft.stone_sword":221,"stat.killEntity.primitivemobs.baby_spider":1,"stat.useItem.minecraft.torch":77,"stat.pickup.minecraft.iron_nugget":12,"stat.craftItem.minecraft.stone_stairs":8,"stat.pickup.lycanitesmobs.ventoraptorskull":2,"stat.craftItem.minecraft.crafting_table":8,"stat.mineBlock.minecraft.emerald_ore":1,"stat.pickup.minecraft.log":73,"stat.useItem.minecraft.cooked_fish":9,"stat.killEntity.grimoireofgaia.gryphon":4,"stat.pickup.minecraft.sapling":1,"stat.mineBlock.minecraft.iron_block":3,"stat.drop.minecraft.bow":1,"stat.pickup.ancientwarfarestructure.fire_pit":1,"stat.craftItem.lycanitesmobs.cooked_chupacabra_meat":1,"stat.pickup.lycanitesmobs.lifedraincharge":2,"stat.useItem.minecraft.stone_hoe":15,"stat.drop.lycanitesmobs.cooked_chupacabra_meat":1,"stat.pickup.lycanitesmobs.cleansingcrystal":3,"stat.sneakTime":8817,"stat.pickup.minecraft.rabbit":2,"stat.pickup.minecraft.stone_slab":9,"stat.killEntity.grimoireofgaia.minotaurus":1,"stat.pickup.minecraft.chest":13,"stat.pickup.zawa.bird_meat_cooked":1,"stat.pickup.minecraft.bone":156,"stat.horseOneCm":392576,"stat.pickup.valoegheses_be.soil_dry":11,"stat.mineBlock.minecraft.brown_mushroom":1,"stat.swimOneCm":60100,"stat.pickup.quark.glass_shards":5,"stat.climbOneCm":31010,"stat.enderchestOpened":2,"stat.useItem.minecraft.dirt":58,"stat.craftItem.ancientwarfare.engineering_station":1,"stat.useItem.minecraft.red_flower":1,"stat.pickup.minecraft.cooked_rabbit":1,"stat.drop.zawa.rat_raw":2,"stat.pickup.minecraft.anvil":1,"stat.drop.minecraft.ender_pearl":5,"stat.craftItem.minecraft.stone_pickaxe":1,"stat.pickup.everlastingabilities.ability_totem":13,"stat.pickup.minecraft.cobblestone":1131,"stat.pickup.minecraft.clay":17,"stat.pickup.minecraft.soul_sand":34,"stat.pickup.minecraft.glass_bottle":1,"stat.useItem.minecraft.cooked_beef":2,"stat.pickup.minecraft.redstone":22,"stat.mineBlock.minecraft.iron_ore":42,"stat.pickup.minecraft.mossy_cobblestone":3,"stat.mineBlock.minecraft.coal_block":7,"stat.pickup.minecraft.stonebrick":83,"krake.kill":3,"stat.useItem.minecraft.cooked_porkchop":10,"stat.pickup.lycanitesmobs.whirlwindcharge":9,"stat.craftItem.minecraft.stone_slab2":0,"stat.pickup.minecraft.paper":1,"stat.craftItem.minecraft.stick":108,"stat.useItem.minecraft.diamond_pickaxe":718,"stat.killEntity.Endermite":1,"stat.pickup.minecraft.golden_horse_armor":2,"stat.pickup.chococraft.gysahl_green_seeds":61,"stat.entityKilledBy.Creeper":1,"stat.mineBlock.minecraft.planks":21,"stat.drop":26,"stat.pickup.minecraft.slime_ball":5,"stat.craftItem.minecraft.diamond_pickaxe":1,"stat.useItem.minecraft.melon_seeds":2,"stat.killEntity.primitivemobs.haunted_tool":2,"stat.pickup.primitivemobs.camouflage_dye":1,"stat.useItem.valoegheses_be.soil_dry":1,"stat.pickup.minecraft.gravel":48,"stat.killEntity.Slime":1,"stat.mineBlock.minecraft.anvil":1,"stat.useItem.minecraft.diamond_axe":14,"stat.mineBlock.valoegheses_be.bush_small":1,"stat.useItem.minecraft.apple":12,"stat.pickup.minecraft.stone_brick_stairs":3,"stat.drop.minecraft.cooked_porkchop":1,"stat.pickup.everlastingabilities.ability_bottle":2,"stat.pickup.minecraft.fence":30,"stat.useItem.minecraft.stone_axe":169,"stat.craftItem.minecraft.bread":56,"stat.pickup.minecraft.spider_eye":21,"stat.useItem.minecraft.cooked_chicken":7,"stat.pickup.minecraft.iron_ore":78,"stat.mineBlock.mca.rose_gold_ore":10,"stat.boatOneCm":40932,"stat.craftItem.minecraft.flint_and_steel":1,"stat.mineBlock.minecraft.stone_stairs":2,"stat.pickup.minecraft.leather":19,"stat.dispenserInspected":4,"stat.useItem.minecraft.wooden_pickaxe":3,"stat.pickup.minecraft.prismarine_shard":2,"stat.pickup.minecraft.reeds":6,"stat.killEntity.CaveSpider":12,"stat.pickup.minecraft.oak_stairs":18,"stat.damageDealt":89105,"stat.sleepInBed":40,"stat.useItem.ancientwarfarenpc.iron_spear":236,"stat.mineBlock.ancientwarfarestructure.fire_pit":1,"stat.pickup.zawa.rat_raw":2,"stat.walkOneCm":2735622,"stat.playerKills":3,"stat.pickup.minecraft.stick":6,"stat.craftItem.quark.custom_chest":1,"argus.kill":1,"stat.pickup.minecraft.clay_ball":5,"spriggan.kill":1,"stat.useItem.minecraft.spruce_boat":1,"stat.pickup.valoegheses_be.sapling_manuka":2,"stat.pickup.minecraft.tnt":16,"stat.entityKilledBy.grimoireofgaia.minotaurus":1,"stat.drop.minecraft.iron_chestplate":2,"stat.pickup.minecraft.stone":87,"stat.killEntity.grimoireofgaia.dullahan":5,"stat.pickup.minecraft.chorus_fruit":4,"stat.pickup.minecraft.gold_ingot":4,"stat.killEntity.Skeleton":48,"stat.killEntity.Spider":28,"stat.pickup.minecraft.quartz":120,"stat.craftItem.minecraft.fence":54,"stat.useItem.minecraft.golden_apple":3,"cinder.kill":19,"stat.mineBlock.minecraft.leaves":3,"spectre.kill":1,"stat.pickup.ancientwarfare.manual":1,"stat.mineBlock.minecraft.hay_block":12,"stat.mineBlock.minecraft.stone":599}