{"stat.useItem.minecraft.string":1,"stat.pickup.iceandfire.fire_dragon_flesh":5,"stat.leaveGame":11,"stat.useItem.minecraft.soul_sand":10,"stat.useItem.zawa.bird_meat_cooked":1,"stat.drop.minecraft.enchanted_book":1,"stat.useItem.minecraft.planks":7,"balayang.kill":2,"stat.pickup.minecraft.blaze_powder":3,"stat.drop.minecraft.iron_sword":1,"stat.pickup.lycanitesmobs.bloodleechcharge":2,"stat.killEntity.primitivemobs.skeleton_warrior":1,"stat.pickup.minecraft.rotten_flesh":70,"stat.craftItem.minecraft.stone_axe":1,"stat.entityKilledBy.primitivemobs.rocket_creeper":1,"stat.entityKilledBy.primitivemobs.skeleton_warrior":1,"stat.pickup.minecraft.cobblestone_wall":1,"stat.pickup.minecraft.leather_boots":1,"stat.useItem.minecraft.ender_pearl":6,"stat.entityKilledBy.firedragon":63,"stat.pickup.minecraft.brown_mushroom":1,"stat.pickup.quark.marble":6,"stat.craftItem.minecraft.cooked_fish":9,"stat.useItem.minecraft.iron_pickaxe":119,"stat.craftItem.minecraft.wooden_pickaxe":1,"stat.craftItem.minecraft.bed":1,"stat.mineBlock.minecraft.vine":1,"banshee.kill":8,"stat.furnaceInteraction":27,"stat.pickup.iceandfire.dragon_skull":1,"stat.entityKilledBy.grimoireofgaia.harpy":6,"stat.pickup.lycanitesmobs.bansheeeye":2,"stat.craftItem.minecraft.leather_helmet":1,"stat.useItem.minecraft.cooked_mutton":3,"stat.pickup.minecraft.furnace":1,"stat.pickup.lycanitesmobs.spectralboltcharge":7,"stat.entityKilledBy.primitivemobs.goblin":1,"stat.pickup.minecraft.hay_block":12,"stat.pickup.minecraft.leather_helmet":1,"stat.useItem.minecraft.fence":1,"stat.pickup.dmonsters.entrailflesh":1,"stat.pickup.mca.rose_gold_ore":2,"stat.mineBlock.iceandfire.ash":2,"stat.mineBlock.minecraft.fence":2,"stat.useItem.minecraft.wheat_seeds":2,"stat.pickup.minecraft.emerald":3,"stat.mineBlock.minecraft.soul_sand":3,"stat.useItem.minecraft.dye":14,"stat.pickup.lycanitesmobs.raw_krake_meat":2,"stat.pickup.lycanitesmobs.raw_chupacabra_meat":1,"stat.deaths":190,"stat.pickup.lycanitesmobs.geistliver":4,"stat.playOneMinute":242895,"stat.entityKilledBy.grimoireofgaia.dullahan":3,"stat.pickup.minecraft.blaze_rod":2,"stat.mineBlock.valoegheses_be.soil_dry":5,"stat.pickup.zawa.care_guide":1,"stat.mineBlock.minecraft.tallgrass":4,"stat.craftItem.minecraft.cooked_mutton":2,"stat.pickup.minecraft.cooked_mutton":1,"stat.chestOpened":145,"stat.useItem.minecraft.cooked_rabbit":1,"stat.pickup.minecraft.arrow":64,"stat.pickup.minecraft.gold_nugget":4,"geist.kill":2,"stat.pickup.minecraft.cooked_chicken":3,"stat.fallOneCm":370048,"stat.pickup.valoegheses_be.soil_waste":7,"stat.crouchOneCm":4530,"stat.pickup.zawa.tortoise_shell":1,"stat.craftItem.exoticbirds.cooked_birdmeat":1,"stat.craftItem.minecraft.iron_ingot":2,"stat.craftItem.minecraft.chest":1,"stat.craftingTableInteraction":26,"stat.pickup.minecraft.wooden_pickaxe":1,"stat.pickup.minecraft.feather":4,"stat.pickup.minecraft.planks":8,"stat.pickup.minecraft.iron_leggings":1,"stat.pickup.minecraft.wheat_seeds":111,"tremor.kill":1,"stat.useItem.minecraft.stone_pickaxe":24,"stat.mineBlock.minecraft.glass":1,"stat.craftItem.minecraft.iron_leggings":1,"djinn.kill":1,"stat.mineBlock.minecraft.dirt":7,"stat.useItem.minecraft.torch":9,"stat.useItem.minecraft.bread":38,"stat.useItem.minecraft.cobblestone":54,"stat.pickup.lycanitesmobs.ventoraptorskull":2,"stat.craftItem.minecraft.crafting_table":1,"stat.pickup.lycanitesmobs.embercharge":44,"stat.craftItem.minecraft.leather_boots":1,"stat.useItem.valoegheses_be.berry_bush":1,"stat.mineBlock.minecraft.emerald_ore":1,"stat.pickup.minecraft.log":21,"stat.useItem.minecraft.cooked_fish":9,"stat.pickup.minecraft.sapling":1,"stat.pickup.minecraft.apple":1,"stat.pickup.minecraft.coal_block":7,"stat.craftItem.minecraft.planks":56,"stat.useItem.minecraft.iron_sword":579,"stat.craftItem.lycanitesmobs.cooked_chupacabra_meat":1,"stat.pickup.iceandfire.dragonscales_green":18,"stat.pickup.lycanitesmobs.lifedraincharge":2,"stat.pickup.minecraft.book":2,"stat.useItem.minecraft.stonebrick":17,"stat.mineBlock.minecraft.log":21,"stat.mineBlock.minecraft.waterlily":1,"stat.pickup.iceandfire.dragonbone":8,"stat.drop.lycanitesmobs.cooked_chupacabra_meat":1,"stat.pickup.minecraft.red_flower":18,"stat.sneakTime":2874,"stat.pickup.minecraft.rabbit":2,"stat.pickup.lycanitesmobs.epionwing":1,"stat.pickup.minecraft.stone_slab":3,"stat.killEntity.grimoireofgaia.minotaurus":1,"stat.pickup.minecraft.chest":1,"stat.cakeSlicesEaten":4,"stat.pickup.zawa.bird_meat_cooked":1,"stat.pickup.minecraft.bone":74,"stat.useItem.minecraft.iron_axe":82,"stat.pickup.valoegheses_be.soil_dry":11,"stat.mineBlock.minecraft.cobblestone":7,"stat.pickup.minecraft.flint":3,"stat.mineBlock.minecraft.brown_mushroom":1,"stat.swimOneCm":45120,"stat.pickup.quark.glass_shards":5,"stat.climbOneCm":5793,"stat.pickup.minecraft.enchanted_book":1,"stat.useItem.minecraft.dirt":2,"stat.useItem.chococraft.gysahl_green":44,"stat.useItem.minecraft.stone_slab2":39,"stat.useItem.minecraft.red_flower":1,"stat.craftItem.minecraft.furnace":2,"stat.pickup.minecraft.cooked_rabbit":1,"stat.craftItem.minecraft.stone_pickaxe":1,"stat.useItem.exoticbirds.cooked_birdmeat":1,"stat.pickup.everlastingabilities.ability_totem":7,"stat.pickup.minecraft.cobblestone":83,"stat.flyOneCm":1315791,"stat.pickup.minecraft.clay":8,"stat.pickup.minecraft.sandstone":1,"stat.pickup.minecraft.soul_sand":34,"stat.pickup.minecraft.fish":2,"stat.pickup.minecraft.redstone":12,"stat.timeSinceDeath":6915,"stat.pickup.minecraft.mossy_cobblestone":1,"stat.mineBlock.minecraft.coal_block":7,"stat.pickup.minecraft.stonebrick":42,"krake.kill":1,"stat.pickup.lycanitesmobs.whirlwindcharge":3,"stat.mineBlock.minecraft.coal_ore":6,"stat.breakItem.minecraft.iron_sword":1,"stat.pickup.minecraft.string":45,"stat.craftItem.minecraft.stone_slab2":0,"stat.sprintOneCm":585694,"stat.pickup.minecraft.paper":1,"stat.mineBlock.minecraft.stone_slab":2,"stat.craftItem.minecraft.stick":16,"stat.useItem.minecraft.snowball":2,"stat.mineBlock.minecraft.diamond_ore":2,"stat.killEntity.Endermite":1,"stat.pickup.chococraft.gysahl_green_seeds":61,"stat.entityKilledBy.Creeper":1,"stat.mineBlock.minecraft.planks":1,"stat.pickup.valoegheses_be.berry_bush":1,"stat.drop":5,"stat.pickup.lycanitesmobs.immunizer":1,"stat.pickup.minecraft.slime_ball":5,"stat.useItem.minecraft.melon_seeds":1,"stat.killEntity.Zombie":49,"stat.pickup.minecraft.snowball":4,"stat.craftItem.minecraft.dye":27,"stat.pickup.primitivemobs.camouflage_dye":1,"stat.pickup.iceandfire.chared_dirt":9,"stat.diveOneCm":34358,"stat.useItem.valoegheses_be.soil_dry":1,"stat.pickup.minecraft.wheat":69,"stat.mineBlock.minecraft.mossy_cobblestone":1,"gorgomite.kill":4,"stat.killEntity.Slime":1,"stat.mineBlock.valoegheses_be.bush_small":1,"stat.useItem.minecraft.apple":5,"stat.pickup.minecraft.obsidian":2,"stat.useItem.minecraft.rotten_flesh":28,"stat.drop.minecraft.apple":1,"stat.pickup.everlastingabilities.ability_bottle":2,"stat.jump":5259,"stat.pickup.minecraft.fence":5,"stat.pickup.minecraft.coal":15,"stat.pickup.minecraft.iron_ingot":3,"stat.useItem.minecraft.stone_axe":8,"stat.pickup.minecraft.gunpowder":10,"stat.craftItem.minecraft.bread":56,"stat.pickup.iceandfire.chared_stone":1,"stat.pickup.minecraft.spider_eye":13,"stat.craftItem.minecraft.torch":4,"stat.pickup.minecraft.dirt":43,"stat.useItem.minecraft.cooked_chicken":3,"stat.pickup.minecraft.iron_ore":3,"stat.pickup.iceandfire.fire_dragon_heart":1,"stat.mineBlock.mca.rose_gold_ore":2,"roc.kill":1,"reaper.kill":3,"stat.damageTaken":74139,"stat.pickup.minecraft.leather":6,"stat.mineBlock.minecraft.torch":9,"stat.mineBlock.minecraft.red_flower":3,"stat.dispenserInspected":4,"stat.useItem.minecraft.wooden_pickaxe":3,"stat.pickup.minecraft.prismarine_shard":2,"stat.pickup.minecraft.ender_eye":2,"stat.pickup.minecraft.reeds":3,"stat.useItem.valoegheses_be.soil_waste":5,"stat.killEntity.CaveSpider":6,"stat.pickup.minecraft.bed":5,"stat.pickup.minecraft.potato":1,"stat.pickup.minecraft.oak_stairs":1,"stat.entityKilledBy.Zombie":1,"stat.pickup.exoticbirds.birdmeat":1,"stat.damageDealt":29295,"stat.pickup.iceandfire.chared_grass":10,"stat.sleepInBed":11,"stat.pickup.chococraft.ability_fruit":5,"stat.pickup.chococraft.gysahl_green":44,"stat.walkOneCm":843001,"stat.playerKills":3,"stat.entityKilledBy.grimoireofgaia.banshee":1,"stat.pickup.minecraft.clay_ball":4,"stat.useItem.minecraft.tnt":6,"spriggan.kill":1,"stat.drop.everlastingabilities.ability_bottle":1,"stat.craftItem.minecraft.wheat":100,"stat.pickup.minecraft.tnt":11,"stat.entityKilledBy.grimoireofgaia.minotaurus":1,"stat.pickup.minecraft.stone":2,"stat.pickup.minecraft.ender_pearl":18,"stat.pickup.minecraft.ladder":2,"stat.pickup.minecraft.gold_ingot":3,"stat.killEntity.horse_colors:horse_felinoid":1,"stat.killEntity.Skeleton":35,"stat.mineBlock.minecraft.tnt":11,"stat.mineBlock.minecraft.stonebrick":25,"stat.killEntity.Spider":21,"stat.mobKills":171,"stat.entityKilledBy.hippogryph":1,"cinder.kill":14,"stat.pickup.minecraft.diamond":12,"stat.mineBlock.minecraft.leaves":3,"stat.pickup.minecraft.torch":24,"stat.mineBlock.minecraft.hay_block":12,"stat.mineBlock.minecraft.stone":62}