{"stat.pickup.minecraft.bone":4,"stat.pickup.minecraft.wooden_slab":31,"stat.horseOneCm":220053,"stat.mineBlock.quark.variant_leaves":116,"stat.leaveGame":9,"stat.mineBlock.minecraft.cobblestone":10,"stat.mineBlock.minecraft.pumpkin":1,"stat.pickup.minecraft.stone_pickaxe":1,"stat.pickup.minecraft.flint":10,"stat.drop.ancientwarfarenpc.iron_shield":1,"stat.pickup.zawa.worm":7,"stat.swimOneCm":6458,"stat.climbOneCm":3662,"stat.useItem.minecraft.planks":138,"stat.drop.minecraft.cobblestone":63,"stat.pickup.minecraft.cooked_porkchop":1,"stat.pickup.dmonsters.dump":2,"stat.pickup.minecraft.blaze_powder":3,"stat.drop.minecraft.melon":1,"stat.useItem.minecraft.dirt":160,"stat.useItem.minecraft.stone_slab2":12,"stat.pickup.minecraft.iron_boots":1,"stat.mineBlock.minecraft.stone_brick_stairs":2,"stat.pickup.minecraft.rotten_flesh":24,"stat.pickup.minecraft.sand":1,"stat.pickup.minecraft.cooked_rabbit":3,"stat.drop.minecraft.golden_horse_armor":2,"stat.pickup.everlastingabilities.ability_totem":1,"stat.pickup.minecraft.cobblestone":157,"stat.mineBlock.minecraft.wooden_slab":36,"stat.flyOneCm":33996,"stat.mineBlock.minecraft.snow_layer":54,"stat.useItem.minecraft.ender_pearl":2,"stat.entityKilledBy.firedragon":1,"stat.mineBlock.minecraft.sand":1,"stat.mineBlock.minecraft.iron_ore":1,"stat.timeSinceDeath":95367,"stat.useItem.minecraft.iron_pickaxe":9,"stat.pickup.minecraft.mossy_cobblestone":1,"stat.pickup.travelersbackpack.travelers_backpack":2,"stat.useItem.minecraft.oak_stairs":3,"stat.pickup.minecraft.stonebrick":129,"stat.drop.minecraft.gravel":38,"stat.pickup.lycanitesmobs.whirlwindcharge":3,"stat.mineBlock.minecraft.coal_ore":21,"stat.pickup.minecraft.string":34,"stat.pickup.lycanitesmobs.scorchfireballcharge":3,"stat.pickup.minecraft.furnace":2,"stat.entityKilledBy.Skeleton":2,"stat.pickup.lycanitesmobs.spectralboltcharge":5,"stat.pickup.minecraft.paper":1,"stat.sprintOneCm":155873,"stat.pickup.minecraft.iron_chestplate":3,"stat.useItem.minecraft.fence":2,"stat.pickup.minecraft.stone_stairs":2,"stat.useItem.lycanitesmobs.equipment":7,"stat.mineBlock.minecraft.fence":5,"stat.mineBlock.minecraft.crafting_table":1,"stat.pickup.minecraft.golden_horse_armor":1,"stat.pickup.minecraft.saddle":1,"stat.pickup.chococraft.gysahl_green_seeds":11,"stat.mineBlock.minecraft.oak_stairs":44,"stat.deaths":19,"stat.mineBlock.minecraft.planks":110,"stat.drop":132,"stat.playOneMinute":373356,"stat.entityKilledBy.grimoireofgaia.dullahan":7,"stat.pickup.minecraft.slime_ball":4,"stat.pickup.zawa.care_guide":1,"stat.pickup.minecraft.snowball":106,"stat.drop.minecraft.bread":1,"stat.drop.minecraft.torch":19,"stat.pickup.ancientwarfarenpc.iron_lance":1,"stat.mineBlock.minecraft.gold_ore":22,"stat.mineBlock.minecraft.tallgrass":3,"stat.diveOneCm":9520,"stat.pickup.lycanitesmobs.equipment":2,"stat.chestOpened":108,"stat.pickup.minecraft.pumpkin":1,"stat.useItem.minecraft.cooked_rabbit":2,"stat.pickup.ancientwarfarenpc.iron_spear":10,"stat.pickup.minecraft.gravel":128,"stat.pickup.minecraft.iron_sword":2,"stat.mineBlock.valoegheses_be.bush_small":1,"stat.useItem.minecraft.apple":3,"stat.pickup.minecraft.obsidian":1,"stat.pickup.minecraft.gold_nugget":3,"stat.drop.minecraft.cooked_porkchop":2,"stat.pickup.everlastingabilities.ability_bottle":1,"stat.jump":1854,"stat.pickup.minecraft.fence":5,"stat.pickup.minecraft.coal":61,"stat.pickup.minecraft.iron_helmet":1,"stat.fallOneCm":20920,"stat.pickup.minecraft.melon_seeds":3,"stat.pickup.minecraft.gunpowder":7,"stat.mineBlock.minecraft.chest":32,"stat.pickup.minecraft.spider_eye":8,"stat.pickup.minecraft.dirt":185,"stat.craftingTableInteraction":1,"stat.boatOneCm":103722,"stat.pickup.minecraft.gold_ore":22,"stat.mineBlock.minecraft.glass_pane":3,"stat.mineBlock.minecraft.leaves2":1,"stat.mineBlock.minecraft.stone_stairs":2,"stat.mineBlock.minecraft.log2":2,"stat.damageTaken":5472,"stat.pickup.minecraft.feather":1,"stat.mineBlock.minecraft.torch":7,"stat.mineBlock.minecraft.furnace":2,"stat.pickup.ancientwarfarenpc.iron_shield":11,"stat.useItem.minecraft.furnace":1,"stat.pickup.minecraft.log2":2,"stat.pickup.minecraft.dye":1,"stat.pickup.minecraft.planks":107,"stat.pickup.minecraft.bed":4,"stat.pickup.minecraft.wheat_seeds":2,"stat.pickup.minecraft.potato":1,"stat.pickup.minecraft.oak_stairs":26,"stat.mineBlock.minecraft.gravel":150,"stat.useItem.minecraft.stone_sword":1,"stat.damageDealt":744,"stat.sleepInBed":22,"stat.pickup.chococraft.ability_fruit":6,"stat.pickup.chococraft.gysahl_green":10,"stat.mineBlock.minecraft.dirt":214,"stat.pickup.zawa.rat_raw":1,"stat.mineBlock.minecraft.monster_egg":1,"stat.pickup.ancientwarfarevehicle.spawner":2,"stat.walkOneCm":1457507,"stat.useItem.minecraft.torch":8,"stat.useItem.minecraft.bread":3,"stat.pickup.minecraft.stick":4,"stat.pickup.minecraft.iron_nugget":2,"stat.pickup.minecraft.crafting_table":1,"stat.useItem.minecraft.log":17,"stat.useItem.minecraft.cobblestone":38,"stat.useItem.minecraft.gravel":4,"stat.pickup.minecraft.log":70,"stat.pickup.valoegheses_be.sapling_manuka":3,"stat.mineBlock.quark.granite_speleothem":1,"stat.drop.minecraft.iron_chestplate":1,"stat.pickup.minecraft.stone":5,"stat.drop.minecraft.potato":4,"stat.pickup.minecraft.ender_pearl":5,"stat.mineBlock.valoegheses_be.leaves_manuka":31,"stat.pickup.minecraft.apple":3,"stat.pickup.minecraft.cooked_beef":5,"stat.mineBlock.minecraft.stonebrick":73,"stat.craftItem.minecraft.planks":44,"stat.pickup.minecraft.bread":11,"stat.mobKills":1,"stat.useItem.minecraft.stonebrick":18,"stat.mineBlock.minecraft.log":79,"stat.pickup.minecraft.torch":44,"stat.pickup.quark.variant_sapling":6,"stat.sneakTime":138,"stat.mineBlock.minecraft.stone":90,"stat.pickup.minecraft.chest":27}