{"stat.pickup.minecraft.bone":4,"stat.pickup.minecraft.wooden_slab":31,"stat.mineBlock.quark.variant_leaves":116,"stat.leaveGame":3,"stat.mineBlock.minecraft.cobblestone":5,"stat.mineBlock.minecraft.pumpkin":1,"stat.drop.ancientwarfarenpc.iron_shield":1,"stat.pickup.zawa.worm":1,"stat.swimOneCm":5407,"stat.climbOneCm":282,"stat.useItem.minecraft.planks":138,"stat.drop.minecraft.cobblestone":63,"stat.pickup.dmonsters.dump":2,"stat.pickup.minecraft.blaze_powder":3,"stat.useItem.minecraft.dirt":18,"stat.useItem.minecraft.stone_slab2":9,"stat.mineBlock.minecraft.stone_brick_stairs":2,"stat.pickup.minecraft.rotten_flesh":24,"stat.pickup.minecraft.sand":1,"stat.pickup.everlastingabilities.ability_totem":1,"stat.pickup.minecraft.cobblestone":142,"stat.mineBlock.minecraft.wooden_slab":36,"stat.flyOneCm":30409,"stat.mineBlock.minecraft.snow_layer":8,"stat.useItem.minecraft.ender_pearl":2,"stat.entityKilledBy.firedragon":1,"stat.mineBlock.minecraft.sand":1,"stat.mineBlock.minecraft.iron_ore":1,"stat.timeSinceDeath":7217,"stat.pickup.minecraft.mossy_cobblestone":1,"stat.useItem.minecraft.oak_stairs":3,"stat.pickup.minecraft.stonebrick":129,"stat.pickup.lycanitesmobs.whirlwindcharge":3,"stat.mineBlock.minecraft.coal_ore":8,"stat.pickup.minecraft.string":34,"stat.pickup.lycanitesmobs.scorchfireballcharge":3,"stat.pickup.minecraft.furnace":2,"stat.entityKilledBy.Skeleton":2,"stat.pickup.lycanitesmobs.spectralboltcharge":5,"stat.pickup.minecraft.paper":1,"stat.sprintOneCm":142798,"stat.pickup.minecraft.iron_chestplate":3,"stat.useItem.minecraft.fence":2,"stat.pickup.minecraft.stone_stairs":2,"stat.useItem.lycanitesmobs.equipment":2,"stat.mineBlock.minecraft.fence":4,"stat.mineBlock.minecraft.crafting_table":1,"stat.pickup.chococraft.gysahl_green_seeds":8,"stat.mineBlock.minecraft.oak_stairs":43,"stat.deaths":18,"stat.mineBlock.minecraft.planks":107,"stat.drop":66,"stat.playOneMinute":263401,"stat.entityKilledBy.grimoireofgaia.dullahan":7,"stat.pickup.minecraft.slime_ball":4,"stat.pickup.zawa.care_guide":1,"stat.pickup.minecraft.snowball":17,"stat.drop.minecraft.bread":1,"stat.pickup.ancientwarfarenpc.iron_lance":1,"stat.mineBlock.minecraft.gold_ore":22,"stat.mineBlock.minecraft.tallgrass":2,"stat.diveOneCm":5602,"stat.pickup.lycanitesmobs.equipment":2,"stat.chestOpened":58,"stat.pickup.minecraft.pumpkin":1,"stat.pickup.ancientwarfarenpc.iron_spear":1,"stat.pickup.minecraft.gravel":3,"stat.pickup.minecraft.iron_sword":2,"stat.mineBlock.valoegheses_be.bush_small":1,"stat.useItem.minecraft.apple":1,"stat.pickup.minecraft.obsidian":1,"stat.pickup.minecraft.gold_nugget":3,"stat.pickup.everlastingabilities.ability_bottle":1,"stat.jump":1479,"stat.pickup.minecraft.fence":4,"stat.pickup.minecraft.coal":41,"stat.fallOneCm":18379,"stat.pickup.minecraft.melon_seeds":3,"stat.pickup.minecraft.gunpowder":7,"stat.mineBlock.minecraft.chest":32,"stat.pickup.minecraft.spider_eye":8,"stat.pickup.minecraft.dirt":48,"stat.boatOneCm":103722,"stat.pickup.minecraft.gold_ore":22,"stat.mineBlock.minecraft.glass_pane":3,"stat.mineBlock.minecraft.leaves2":1,"stat.mineBlock.minecraft.stone_stairs":2,"stat.mineBlock.minecraft.log2":2,"stat.damageTaken":4929,"stat.pickup.minecraft.feather":1,"stat.mineBlock.minecraft.torch":6,"stat.mineBlock.minecraft.furnace":2,"stat.pickup.ancientwarfarenpc.iron_shield":2,"stat.useItem.minecraft.furnace":1,"stat.pickup.minecraft.log2":2,"stat.pickup.minecraft.dye":1,"stat.pickup.minecraft.planks":106,"stat.pickup.minecraft.bed":4,"stat.pickup.minecraft.wheat_seeds":1,"stat.pickup.minecraft.potato":1,"stat.pickup.minecraft.oak_stairs":26,"stat.mineBlock.minecraft.gravel":5,"stat.damageDealt":547,"stat.sleepInBed":17,"stat.pickup.chococraft.ability_fruit":6,"stat.pickup.chococraft.gysahl_green":9,"stat.mineBlock.minecraft.dirt":50,"stat.pickup.zawa.rat_raw":1,"stat.walkOneCm":1059029,"stat.useItem.minecraft.torch":5,"stat.useItem.minecraft.bread":3,"stat.pickup.minecraft.stick":4,"stat.pickup.minecraft.crafting_table":1,"stat.useItem.minecraft.log":17,"stat.useItem.minecraft.cobblestone":24,"stat.pickup.minecraft.log":70,"stat.pickup.valoegheses_be.sapling_manuka":2,"stat.drop.minecraft.iron_chestplate":1,"stat.pickup.minecraft.ender_pearl":5,"stat.mineBlock.valoegheses_be.leaves_manuka":31,"stat.pickup.minecraft.apple":3,"stat.pickup.minecraft.cooked_beef":5,"stat.mineBlock.minecraft.stonebrick":73,"stat.craftItem.minecraft.planks":44,"stat.pickup.minecraft.bread":11,"stat.mobKills":1,"stat.useItem.minecraft.stonebrick":18,"stat.mineBlock.minecraft.log":79,"stat.pickup.minecraft.torch":44,"stat.pickup.quark.variant_sapling":6,"stat.mineBlock.minecraft.stone":63,"stat.pickup.minecraft.chest":27}