{"stat.useItem.minecraft.bow":2,"stat.pickup.minecraft.bone":6,"stat.leaveGame":4,"stat.mineBlock.minecraft.cobblestone":11,"stat.pickup.minecraft.flint":1,"stat.entityKilledBy.grimoireofgaia.cecaelia":1,"stat.swimOneCm":21634,"stat.pickup.zawa.worm":1,"stat.useItem.minecraft.planks":27,"stat.climbOneCm":220,"stat.useItem.minecraft.obsidian":4,"stat.useItem.minecraft.dirt":90,"stat.useItem.minecraft.stone_slab2":28,"stat.pickup.minecraft.bow":1,"stat.pickup.minecraft.iron_boots":1,"stat.killEntity.primitivemobs.mother_spider":1,"stat.pickup.minecraft.rotten_flesh":2,"stat.craftItem.minecraft.furnace":1,"stat.pickup.exoticbirds.eggshell":6,"stat.pickup.minecraft.nether_wart_block":1,"stat.useItem.minecraft.iron_ore":1,"stat.craftItem.minecraft.stone_pickaxe":3,"stat.pickup.everlastingabilities.ability_totem":1,"stat.pickup.minecraft.shears":1,"stat.pickup.minecraft.cobblestone":438,"stat.flyOneCm":256799,"stat.pickup.minecraft.soul_sand":1,"stat.pickup.minecraft.nether_brick_stairs":1,"stat.useItem.minecraft.cooked_beef":1,"stat.pickup.exoticbirds.cassowary_egg":2,"stat.pickup.minecraft.redstone":5,"stat.mineBlock.minecraft.iron_ore":25,"stat.timeSinceDeath":4933,"stat.useItem.minecraft.iron_pickaxe":238,"stat.drop.minecraft.log":8,"stat.pickup.minecraft.mutton":6,"stat.pickup.exoticbirds.mystery_egg":1,"stat.pickup.minecraft.stonebrick":2,"stat.furnaceInteraction":17,"stat.pickup.lycanitesmobs.whirlwindcharge":3,"stat.mineBlock.minecraft.coal_ore":29,"stat.mineBlock.minecraft.nether_brick":14,"stat.pickup.minecraft.nether_brick":12,"stat.pickup.minecraft.string":11,"stat.entityKilledBy.primitivemobs.brain_slime":1,"stat.useItem.minecraft.cooked_mutton":4,"stat.pickup.lycanitesmobs.spectralboltcharge":1,"stat.sprintOneCm":261108,"stat.craftItem.minecraft.stick":28,"stat.craftItem.minecraft.wooden_axe":1,"stat.pickup.minecraft.bone_block":56,"stat.pickup.mca.rose_gold_ore":2,"stat.mineBlock.minecraft.diamond_ore":2,"stat.useItem.minecraft.wooden_shovel":2,"stat.mineBlock.minecraft.soul_sand":1,"stat.mineBlock.minecraft.oak_stairs":1,"stat.deaths":15,"stat.mineBlock.minecraft.planks":6,"stat.pickup.valoegheses_be.ore_vanadium":2,"stat.drop":13,"stat.pickup.grimoireofgaia.misc_pearl":2,"stat.mineBlock.valoegheses_be.ore_vanadium":2,"stat.playOneMinute":110276,"stat.craftItem.minecraft.wooden_shovel":1,"stat.drop.minecraft.string":2,"stat.pickup.minecraft.slime_ball":1,"stat.craftItem.minecraft.iron_pickaxe":1,"stat.killEntity.Zombie":3,"stat.pickup.zawa.care_guide":1,"stat.pickup.minecraft.snowball":4,"stat.mineBlock.minecraft.gold_ore":1,"stat.pickup.minecraft.netherrack":2,"stat.diveOneCm":15280,"stat.pickup.minecraft.cooked_mutton":9,"stat.chestOpened":40,"stat.mineBlock.minecraft.mossy_cobblestone":1,"stat.useItem.minecraft.stone":19,"stat.mineBlock.minecraft.netherrack":2,"stat.pickup.minecraft.gravel":3,"stat.pickup.minecraft.iron_sword":2,"stat.pickup.minecraft.arrow":3,"stat.useItem.minecraft.apple":3,"stat.pickup.minecraft.obsidian":1,"stat.killEntity.grimoireofgaia.cecaelia":1,"stat.pickup.minecraft.gold_nugget":124,"stat.killEntity.grimoireofgaia.vase":1,"stat.killEntity.primitivemobs.support_creeper":1,"stat.pickup.everlastingabilities.ability_bottle":1,"stat.jump":1443,"stat.pickup.minecraft.coal":39,"stat.fallOneCm":38551,"stat.pickup.minecraft.gunpowder":8,"stat.crouchOneCm":8721,"stat.craftItem.minecraft.torch":64,"stat.craftItem.minecraft.iron_ingot":9,"stat.craftItem.minecraft.chest":2,"stat.pickup.minecraft.dirt":112,"stat.craftItem.minecraft.iron_helmet":1,"stat.craftingTableInteraction":25,"stat.pickup.minecraft.iron_ore":38,"stat.mineBlock.minecraft.nether_wart_block":1,"stat.mineBlock.mca.rose_gold_ore":2,"stat.pickup.iceandfire.silver_ore":1,"reaper.kill":1,"stat.useItem.minecraft.sapling":3,"stat.pickup.minecraft.gold_ore":1,"stat.mineBlock.minecraft.lapis_ore":8,"stat.mineBlock.minecraft.leaves2":2,"stat.mineBlock.minecraft.log2":4,"stat.damageTaken":5509,"stat.pickup.minecraft.feather":2,"stat.pickup.minecraft.leather":7,"stat.mineBlock.minecraft.torch":8,"stat.pickup.minecraft.log2":6,"stat.pickup.minecraft.dye":48,"stat.pickup.minecraft.planks":71,"stat.pickup.minecraft.bed":3,"stat.pickup.minecraft.wheat_seeds":1,"stat.entityKilledBy.grimoireofgaia.minotaur":4,"stat.pickup.lycanitesmobs.geonachspear":2,"stat.mineBlock.minecraft.gravel":4,"stat.useItem.minecraft.stone_pickaxe":396,"stat.damageDealt":4133,"stat.sleepInBed":8,"stat.mineBlock.minecraft.nether_brick_stairs":2,"djinn.kill":1,"stat.mineBlock.minecraft.dirt":109,"stat.killEntity.primitivemobs.baby_spider":1,"geonach.kill":5,"stat.walkOneCm":315299,"stat.useItem.minecraft.bread":19,"stat.useItem.minecraft.torch":58,"stat.playerKills":1,"stat.killEntity.primitivemobs.bewitched_tome":1,"stat.pickup.minecraft.stick":2,"stat.pickup.minecraft.iron_nugget":2,"stat.mineBlock.iceandfire.silver_ore":1,"stat.craftItem.quark.custom_chest":2,"stat.pickup.minecraft.clay_ball":2,"stat.useItem.minecraft.cobblestone":39,"stat.craftItem.minecraft.crafting_table":3,"stat.drop.lycanitesmobs.whirlwindcharge":3,"stat.pickup.minecraft.log":40,"stat.useItem.exoticbirds.cassowary_egg":2,"stat.pickup.minecraft.iron_pickaxe":1,"stat.pickup.minecraft.stone":70,"stat.mineBlock.exoticbirds.nest":1,"stat.pickup.minecraft.sapling":4,"stat.pickup.minecraft.apple":2,"stat.pickup.minecraft.gold_ingot":5,"stat.killEntity.Skeleton":3,"stat.mineBlock.iceandfire.goldpile":25,"stat.craftItem.minecraft.planks":88,"stat.useItem.minecraft.iron_sword":172,"stat.craftItem.valoegheses_be.filtered_coal":2,"stat.pickup.minecraft.bread":26,"stat.mobKills":16,"stat.mineBlock.minecraft.log":38,"stat.pickup.minecraft.quartz":17,"stat.useItem.minecraft.golden_apple":1,"stat.pickup.minecraft.diamond":7,"stat.mineBlock.minecraft.leaves":12,"stat.pickup.minecraft.torch":39,"stat.mineBlock.minecraft.redstone_ore":1,"stat.sneakTime":2348,"stat.mineBlock.minecraft.bone_block":59,"stat.useItem.minecraft.wooden_axe":51,"stat.mineBlock.minecraft.stone":455,"stat.killEntity.grimoireofgaia.minotaurus":2}