{"stat.chestOpened":12,"stat.walkOneCm":74081,"stat.pickup.minecraft.bone":1,"stat.leaveGame":1,"stat.craftItem.quark.custom_chest":2,"stat.pickup.minecraft.iron_sword":1,"stat.pickup.lycanitesmobs.whirlwindcharge":3,"stat.pickup.minecraft.obsidian":1,"stat.pickup.minecraft.gold_nugget":103,"stat.drop.lycanitesmobs.whirlwindcharge":3,"stat.pickup.everlastingabilities.ability_bottle":1,"stat.jump":568,"stat.swimOneCm":284,"stat.pickup.zawa.worm":1,"stat.fallOneCm":18292,"stat.pickup.minecraft.iron_pickaxe":1,"stat.pickup.lycanitesmobs.spectralboltcharge":1,"stat.pickup.minecraft.dirt":80,"stat.useItem.minecraft.dirt":72,"stat.sprintOneCm":61332,"stat.useItem.minecraft.stone_slab2":9,"stat.pickup.minecraft.gold_ingot":5,"stat.craftingTableInteraction":1,"reaper.kill":1,"stat.mineBlock.iceandfire.goldpile":21,"stat.craftItem.minecraft.planks":24,"stat.useItem.minecraft.iron_sword":19,"stat.mineBlock.minecraft.leaves2":2,"stat.mineBlock.minecraft.log2":4,"stat.damageTaken":2085,"stat.pickup.minecraft.feather":2,"stat.pickup.minecraft.leather":2,"stat.mobKills":2,"stat.pickup.minecraft.log2":6,"stat.pickup.minecraft.planks":4,"stat.useItem.minecraft.golden_apple":1,"stat.flyOneCm":134992,"stat.pickup.minecraft.bed":2,"stat.deaths":7,"stat.pickup.minecraft.diamond":5,"stat.pickup.minecraft.wheat_seeds":1,"stat.drop":3,"stat.entityKilledBy.grimoireofgaia.minotaur":4,"stat.playOneMinute":25195,"stat.damageDealt":690,"stat.sleepInBed":3,"stat.pickup.zawa.care_guide":1,"stat.timeSinceDeath":2209,"stat.pickup.minecraft.snowball":4,"djinn.kill":1,"stat.mineBlock.minecraft.dirt":79,"stat.killEntity.grimoireofgaia.minotaurus":1,"stat.diveOneCm":424}