{"stat.pickup.minecraft.bone":1,"stat.leaveGame":3,"stat.mineBlock.minecraft.cobblestone":4,"stat.pickup.minecraft.flint":1,"stat.entityKilledBy.grimoireofgaia.cecaelia":1,"stat.swimOneCm":21634,"stat.pickup.zawa.worm":1,"stat.useItem.minecraft.planks":20,"stat.climbOneCm":220,"stat.useItem.minecraft.obsidian":4,"stat.useItem.minecraft.dirt":90,"stat.useItem.minecraft.stone_slab2":23,"stat.pickup.minecraft.iron_boots":1,"stat.killEntity.primitivemobs.mother_spider":1,"stat.pickup.minecraft.rotten_flesh":2,"stat.pickup.exoticbirds.eggshell":6,"stat.useItem.minecraft.iron_ore":1,"stat.craftItem.minecraft.stone_pickaxe":3,"stat.pickup.minecraft.shears":1,"stat.pickup.minecraft.cobblestone":194,"stat.flyOneCm":252040,"stat.pickup.exoticbirds.cassowary_egg":2,"stat.mineBlock.minecraft.iron_ore":25,"stat.timeSinceDeath":14504,"stat.useItem.minecraft.iron_pickaxe":124,"stat.drop.minecraft.log":8,"stat.pickup.minecraft.mutton":6,"stat.pickup.exoticbirds.mystery_egg":1,"stat.pickup.minecraft.stonebrick":2,"stat.furnaceInteraction":8,"stat.pickup.lycanitesmobs.whirlwindcharge":3,"stat.mineBlock.minecraft.coal_ore":15,"stat.pickup.minecraft.string":11,"stat.entityKilledBy.primitivemobs.brain_slime":1,"stat.useItem.minecraft.cooked_mutton":4,"stat.pickup.lycanitesmobs.spectralboltcharge":1,"stat.sprintOneCm":217946,"stat.craftItem.minecraft.stick":16,"stat.craftItem.minecraft.wooden_axe":1,"stat.pickup.minecraft.bone_block":56,"stat.mineBlock.minecraft.diamond_ore":2,"stat.useItem.minecraft.wooden_shovel":2,"stat.mineBlock.minecraft.oak_stairs":1,"stat.deaths":14,"stat.mineBlock.minecraft.planks":6,"stat.drop":13,"stat.pickup.grimoireofgaia.misc_pearl":2,"stat.playOneMinute":86139,"stat.craftItem.minecraft.wooden_shovel":1,"stat.drop.minecraft.string":2,"stat.pickup.minecraft.slime_ball":1,"stat.killEntity.Zombie":3,"stat.pickup.zawa.care_guide":1,"stat.pickup.minecraft.snowball":4,"stat.diveOneCm":15280,"stat.pickup.minecraft.cooked_mutton":9,"stat.chestOpened":20,"stat.mineBlock.minecraft.mossy_cobblestone":1,"stat.useItem.minecraft.stone":19,"stat.pickup.minecraft.gravel":3,"stat.pickup.minecraft.iron_sword":2,"stat.useItem.minecraft.apple":3,"stat.pickup.minecraft.obsidian":1,"stat.killEntity.grimoireofgaia.cecaelia":1,"stat.pickup.minecraft.gold_nugget":124,"stat.killEntity.grimoireofgaia.vase":1,"stat.killEntity.primitivemobs.support_creeper":1,"stat.pickup.everlastingabilities.ability_bottle":1,"stat.jump":1357,"stat.pickup.minecraft.coal":25,"stat.fallOneCm":35149,"stat.pickup.minecraft.gunpowder":8,"stat.crouchOneCm":3449,"stat.craftItem.minecraft.torch":32,"stat.craftItem.minecraft.iron_ingot":5,"stat.craftItem.minecraft.chest":1,"stat.pickup.minecraft.dirt":112,"stat.craftItem.minecraft.iron_helmet":1,"stat.craftingTableInteraction":12,"stat.pickup.minecraft.iron_ore":38,"reaper.kill":1,"stat.useItem.minecraft.sapling":3,"stat.mineBlock.minecraft.lapis_ore":8,"stat.mineBlock.minecraft.leaves2":2,"stat.mineBlock.minecraft.log2":4,"stat.damageTaken":4750,"stat.pickup.minecraft.feather":2,"stat.pickup.minecraft.leather":7,"stat.mineBlock.minecraft.torch":2,"stat.pickup.minecraft.log2":6,"stat.pickup.minecraft.dye":48,"stat.pickup.minecraft.planks":71,"stat.pickup.minecraft.bed":3,"stat.pickup.minecraft.wheat_seeds":1,"stat.entityKilledBy.grimoireofgaia.minotaur":4,"stat.pickup.lycanitesmobs.geonachspear":2,"stat.mineBlock.minecraft.gravel":4,"stat.useItem.minecraft.stone_pickaxe":225,"stat.damageDealt":3537,"stat.sleepInBed":8,"djinn.kill":1,"stat.mineBlock.minecraft.dirt":109,"stat.killEntity.primitivemobs.baby_spider":1,"geonach.kill":5,"stat.walkOneCm":240578,"stat.useItem.minecraft.bread":11,"stat.useItem.minecraft.torch":28,"stat.pickup.minecraft.stick":2,"stat.pickup.minecraft.iron_nugget":2,"stat.craftItem.quark.custom_chest":2,"stat.pickup.minecraft.clay_ball":2,"stat.useItem.minecraft.cobblestone":11,"stat.craftItem.minecraft.crafting_table":2,"stat.drop.lycanitesmobs.whirlwindcharge":3,"stat.pickup.minecraft.log":40,"stat.useItem.exoticbirds.cassowary_egg":2,"stat.pickup.minecraft.iron_pickaxe":1,"stat.pickup.minecraft.stone":70,"stat.mineBlock.exoticbirds.nest":1,"stat.pickup.minecraft.sapling":4,"stat.pickup.minecraft.apple":2,"stat.pickup.minecraft.gold_ingot":5,"stat.mineBlock.iceandfire.goldpile":25,"stat.craftItem.minecraft.planks":88,"stat.useItem.minecraft.iron_sword":147,"stat.craftItem.valoegheses_be.filtered_coal":1,"stat.pickup.minecraft.bread":26,"stat.mobKills":12,"stat.mineBlock.minecraft.log":38,"stat.pickup.minecraft.quartz":17,"stat.useItem.minecraft.golden_apple":1,"stat.pickup.minecraft.diamond":7,"stat.mineBlock.minecraft.leaves":12,"stat.pickup.minecraft.torch":33,"stat.sneakTime":730,"stat.mineBlock.minecraft.bone_block":59,"stat.useItem.minecraft.wooden_axe":51,"stat.mineBlock.minecraft.stone":218,"stat.killEntity.grimoireofgaia.minotaurus":2}