{"stat.useItem.minecraft.bow":194,"stat.pickup.minecraft.wooden_slab":2,"stat.leaveGame":29,"darkling.kill":1,"maug.kill":2,"stat.drop.minecraft.gunpowder":1,"stat.pickup.lycanitesmobs.cooked_krake_meat":2,"stat.drop.minecraft.redstone":1,"stat.pickup.zawa.worm":58,"stat.craftItem.minecraft.shield":3,"stat.drop.minecraft.feather":4,"stat.killEntity.primitivemobs.skeleton_warrior":5,"stat.pickup.minecraft.rotten_flesh":76,"stat.pickup.exoticbirds.eggshell":7,"stat.pickup.iceandfire.chared_cobblestone":19,"stat.pickup.minecraft.cobblestone_wall":9,"stat.pickup.minecraft.bucket":1,"stat.mineBlock.minecraft.wooden_slab":3,"stat.pickup.minecraft.leather_boots":1,"stat.pickup.minecraft.brown_mushroom":8,"stat.useItem.minecraft.iron_pickaxe":493,"stat.killEntity.midnight.rifter":1,"stat.useItem.minecraft.iron_shovel":1055,"stat.craftItem.minecraft.glass_pane":176,"stat.mineBlock.minecraft.vine":2,"stat.killEntity.grimoireofgaia.deathword":1,"banshee.kill":1,"stat.furnaceInteraction":107,"stat.useItem.minecraft.golden_carrot":1,"stat.pickup.minecraft.nether_brick":14,"stat.entityKilledBy.WitherSkeleton":1,"xaphan.kill":2,"stat.drop.minecraft.red_flower":2,"stat.pickup.iceandfire.manuscript":13,"stat.useItem.quark.marble":932,"stat.pickup.lycanitesmobs.spectralboltcharge":34,"stat.entityKilledBy.primitivemobs.goblin":5,"stat.pickup.exoticbirds.pigeon_egg":1,"stat.pickup.minecraft.leather_helmet":1,"stat.useItem.minecraft.fence":2,"stat.pickup.mca.rose_gold_ore":2,"stat.entityKilledBy.grimoireofgaia.deathword":2,"stat.entityKilledBy.grimoireofgaia.bone_knight":2,"stat.mineBlock.minecraft.fence":2,"stat.useItem.minecraft.wheat_seeds":55,"stat.killEntity.Husk":2,"stat.useItem.iceandfire.chared_dirt":13,"stat.pickup.minecraft.emerald":1,"stat.useItem.minecraft.dye":353,"stat.pickup.lycanitesmobs.raw_krake_meat":1,"stat.pickup.lycanitesmobs.raw_chupacabra_meat":6,"stat.deaths":105,"stat.pickup.lycanitesmobs.geistliver":11,"stat.pickup.minecraft.egg":4,"stat.mineBlock.valoegheses_be.ore_vanadium":2,"stat.entityKilledBy.grimoireofgaia.dullahan":1,"stat.craftItem.minecraft.wooden_shovel":1,"stat.craftItem.minecraft.iron_pickaxe":3,"aspid.kill":3,"stat.pickup.zawa.care_guide":1,"stat.drop.minecraft.iron_ingot":1,"stat.drop.minecraft.glass_bottle":2,"stat.entityKilledBy.grimoireofgaia.creep":5,"stat.mineBlock.minecraft.tallgrass":155,"stat.craftItem.minecraft.cooked_mutton":19,"stat.fishCaught":1,"stat.pickup.minecraft.cooked_mutton":9,"stat.chestOpened":508,"stat.pickup.lycanitesmobs.darklingskull":2,"stat.killEntity.primitivemobs.brain_slime":2,"stat.useItem.minecraft.stone":297,"stat.pickup.minecraft.iron_sword":3,"stat.pickup.minecraft.arrow":69,"stat.pickup.iceandfire.blindfold":1,"stat.killEntity.grimoireofgaia.cyan_flower":5,"stat.killEntity.grimoireofgaia.cecaelia":2,"stat.pickup.minecraft.gold_nugget":317,"geist.kill":3,"stat.drop.minecraft.iron_pickaxe":1,"stat.pickup.minecraft.carrot":55,"stat.useItem.minecraft.rabbit":1,"stat.crouchOneCm":97101,"stat.mineBlock.minecraft.chest":5,"stat.craftItem.minecraft.iron_ingot":9,"stat.craftingTableInteraction":70,"stat.pickup.iceandfire.silver_ore":1,"stat.drop.exoticbirds.eggshell":1,"stat.mineBlock.minecraft.log2":4,"stat.pickup.minecraft.dye":88,"stat.pickup.minecraft.planks":118,"chupacabra.kill":4,"stat.craftItem.minecraft.diamond_shovel":2,"stat.pickup.minecraft.wheat_seeds":193,"stat.killEntity.grimoireofgaia.flesh_lich":1,"djinn.kill":5,"stat.mineBlock.minecraft.dirt":2718,"stat.drop.minecraft.paper":1,"stat.useItem.minecraft.bread":134,"stat.killEntity.primitivemobs.bewitched_tome":2,"stat.mineBlock.iceandfire.silver_ore":1,"stat.drop.minecraft.rotten_flesh":2,"stat.useItem.minecraft.cobblestone":251,"stat.pickup.minecraft.magma":8,"stat.mineBlock.minecraft.double_plant":1,"stat.drop.lycanitesmobs.whirlwindcharge":3,"stat.useItem.exoticbirds.cassowary_egg":2,"stat.pickup.minecraft.iron_pickaxe":3,"stat.mineBlock.exoticbirds.nest":1,"stat.drop.minecraft.gold_nugget":4,"stat.pickup.minecraft.apple":2,"stat.useItem.minecraft.glass_pane":120,"stat.pickup.minecraft.coal_block":1,"stat.craftItem.minecraft.bucket":5,"stat.craftItem.minecraft.planks":336,"stat.useItem.minecraft.iron_sword":267,"stat.pickup.minecraft.stone_sword":4,"stat.pickup.minecraft.book":3,"stat.mineBlock.minecraft.log":192,"stat.useItem.minecraft.spruce_door":2,"stat.pickup.minecraft.red_flower":12,"stat.pickup.minecraft.red_nether_brick":1,"stat.pickup.minecraft.wool":6,"ent.kill":7,"stat.useItem.minecraft.wooden_axe":51,"lacedon.kill":1,"stat.craftItem.minecraft.spruce_door":3,"stat.cakeSlicesEaten":3,"stat.useItem.minecraft.iron_axe":368,"stat.mineBlock.minecraft.cobblestone":60,"stat.pickup.minecraft.flint":1,"stat.entityKilledBy.grimoireofgaia.cecaelia":1,"stat.pickup.minecraft.leather_chestplate":2,"stat.pickup.minecraft.enchanted_book":6,"stat.drop.minecraft.cobblestone":9,"stat.useItem.minecraft.obsidian":4,"stat.useItem.chococraft.gysahl_green":23,"stat.useItem.minecraft.stone_slab2":197,"stat.pickup.minecraft.bow":4,"stat.pickup.minecraft.iron_boots":3,"stat.craftItem.minecraft.furnace":4,"stat.useItem.minecraft.egg":3,"stat.pickup.minecraft.nether_wart_block":1,"stat.pickup.iceandfire.chain_link":5,"stat.pickup.valoegheses_be.shrub_dune_large":2,"stat.pickup.minecraft.shears":1,"stat.pickup.quark.black_ash":3,"stat.mineBlock.minecraft.clay":55,"stat.pickup.minecraft.diamond_leggings":1,"stat.flyOneCm":4380653,"stat.pickup.minecraft.nether_brick_stairs":1,"stat.useItem.iceandfire.chared_stone":1,"stat.pickup.minecraft.fish":5,"stat.drop.valoegheses_be.berry_bush":1,"stat.pickup.exoticbirds.cassowary_egg":2,"stat.timeSinceDeath":9809,"stat.pickup.minecraft.chainmail_helmet":2,"stat.pickup.minecraft.nether_wart":2,"stat.pickup.exoticbirds.mystery_egg":7,"stat.mineBlock.minecraft.coal_ore":48,"stat.pickup.minecraft.shield":3,"stat.killEntity.Creeper":2,"stat.talkedToVillager":126,"stat.pickup.minecraft.string":82,"stat.useItem.quark.marble_wall":75,"stat.pickup.lycanitesmobs.scorchfireballcharge":3,"stat.entityKilledBy.Skeleton":5,"stat.pickup.grimoireofgaia.food_root":1,"stat.drop.minecraft.obsidian":3,"stat.sprintOneCm":3556480,"stat.useItem.minecraft.diamond_shovel":1766,"stat.craftItem.minecraft.wooden_axe":1,"stat.pickup.minecraft.bone_block":93,"stat.mineBlock.minecraft.diamond_ore":2,"stat.pickup.minecraft.leather_leggings":1,"stat.mineBlock.quark.marble":2068,"stat.pickup.valoegheses_be.berry_bush":6,"stat.pickup.grimoireofgaia.misc_pearl":2,"stat.killEntity.Zombie":70,"stat.pickup.minecraft.snowball":17,"stat.craftItem.minecraft.dye":360,"stat.pickup.iceandfire.chared_dirt":27,"stat.mineBlock.minecraft.gold_ore":1,"stat.diveOneCm":79086,"stat.drop.minecraft.diamond_pickaxe":1,"stat.pickup.minecraft.wheat":159,"stat.mineBlock.minecraft.mossy_cobblestone":9,"stat.useItem.lycanitesmobs.cooked_aspid_meat":5,"stat.pickup.minecraft.obsidian":19,"stat.killEntity.grimoireofgaia.vase":1,"stat.drop.minecraft.apple":10,"stat.craftItem.minecraft.diamond_sword":1,"stat.jump":22701,"stat.useItem.minecraft.sand":37,"stat.pickup.minecraft.coal":112,"stat.pickup.minecraft.iron_ingot":43,"stat.drop.minecraft.diamond_sword":3,"stat.pickup.iceandfire.chared_gravel":2,"stat.pickup.minecraft.gunpowder":38,"stat.pickup.iceandfire.chared_stone":42,"stat.craftItem.minecraft.torch":160,"stat.pickup.minecraft.dirt":2778,"roc.kill":1,"stat.pickup.lycanitesmobs.poisongland":4,"reaper.kill":15,"stat.useItem.minecraft.sapling":3,"stat.pickup.minecraft.gold_ore":1,"stat.mineBlock.minecraft.lapis_ore":8,"stat.pickup.minecraft.iron_axe":2,"stat.mineBlock.minecraft.glass_pane":2,"stat.damageTaken":-2147436735,"stat.mineBlock.minecraft.torch":35,"stat.mineBlock.minecraft.red_flower":7,"stat.mineBlock.minecraft.sapling":2,"stat.pickup.minecraft.ender_eye":1,"stat.pickup.minecraft.log2":6,"stat.pickup.minecraft.bed":9,"stat.pickup.minecraft.potato":147,"stat.entityKilledBy.Zombie":4,"stat.pickup.iceandfire.chared_grass":14,"stat.pickup.lycanitesmobs.entarm":1,"stat.pickup.chococraft.ability_fruit":3,"stat.pickup.chococraft.gysahl_green":36,"stat.craftItem.minecraft.stone_slab":6,"geonach.kill":6,"stat.animalsBred":5,"stat.useItem.minecraft.chest":3,"stat.drop.minecraft.wheat":1,"stat.pickup.minecraft.diamond_pickaxe":4,"stat.entityKilledBy.grimoireofgaia.banshee":1,"stat.useItem.minecraft.lava_bucket":27,"stat.pickup.minecraft.baked_potato":22,"stat.pickup.minecraft.ender_pearl":13,"quillbeast.kill":1,"stat.drop.mca.baby_girl":6,"stat.mineBlock.minecraft.stonebrick":14,"stat.pickup.lycanitesmobs.cooked_aspid_meat":5,"stat.drop.primitivemobs.goblin_mace":1,"stat.mobKills":290,"stat.pickup.minecraft.diamond_boots":1,"stat.pickup.valoegheses_be.shrub_dune":2,"stat.pickup.minecraft.diamond":21,"stat.pickup.minecraft.beetroot_seeds":23,"stat.drop.minecraft.spruce_stairs":26,"stat.pickup.minecraft.torch":305,"stat.pickup.exoticbirds.magpie_egg":1,"stat.craftItem.minecraft.spruce_stairs":120,"stat.drop.iceandfire.chared_cobblestone":1,"stat.entityKilledBy.grimoireofgaia.spriggan":1,"stat.pickup.grimoireofgaia.misc_soul_fire":1,"stat.killEntity.Blaze":2,"stat.pickup.minecraft.fishing_rod":1,"ventoraptor.kill":1,"stat.useItem.minecraft.planks":102,"stat.pickup.valoegheses_be.sulphurrock":8,"stat.pickup.minecraft.blaze_powder":5,"stat.entityKilledBy.primitivemobs.void_eye":1,"stat.useItem.minecraft.water_bucket":2,"stat.pickup.minecraft.sand":333,"stat.entityKilledBy.Spider":1,"stat.drop.grimoireofgaia.web_temp":1,"stat.entityKilledBy.primitivemobs.skeleton_warrior":9,"stat.pickup.grimoireofgaia.web_temp":2,"shade.kill":1,"stat.useItem.minecraft.ender_pearl":2,"stat.pickup.minecraft.chainmail_chestplate":1,"stat.mineBlock.minecraft.sand":341,"stat.pickup.iceandfire.ash":4,"stat.pickup.quark.marble":2000,"shambler.kill":1,"stat.craftItem.minecraft.cooked_fish":3,"stat.pickup.lycanitesmobs.boulderblastcharge":3,"stat.hopperInspected":2,"stat.drop.minecraft.diamond":4,"stat.drop.lycanitesmobs.spectralboltcharge":5,"stat.useItem.minecraft.cooked_mutton":30,"stat.pickup.exoticbirds.crane_egg":1,"stat.pickup.minecraft.iron_chestplate":1,"stat.pickup.minecraft.skull":2,"afrit.kill":1,"stat.pickup.minecraft.pumpkin_seeds":5,"stat.pickup.minecraft.golden_carrot":12,"stat.mineBlock.minecraft.soul_sand":2,"stat.mineBlock.minecraft.oak_stairs":1,"stat.drop.quark.root_flower":2,"stat.pickup.valoegheses_be.ore_vanadium":2,"stat.playOneMinute":1098147,"stat.pickup.minecraft.blaze_rod":6,"stat.drop.minecraft.string":2,"stat.mineBlock.valoegheses_be.ore_sulphur":1,"stat.mineBlock.valoegheses_be.soil_dry":2,"stat.pickup.minecraft.iron_bars":6,"stat.pickup.minecraft.netherrack":8,"stat.useItem.valoegheses_be.ore_vanadium":1,"stat.useItem.minecraft.fish":1,"stat.mineBlock.minecraft.netherrack":8,"stat.craftItem.mca.engagement_ring":1,"stat.drop.lycanitesmobs.darklingskull":1,"wendigo.kill":1,"stat.pickup.minecraft.cooked_chicken":14,"stat.fallOneCm":620202,"stat.craftItem.quark.marble_wall":108,"stat.drop.minecraft.dye":1,"stat.craftItem.minecraft.chest":2,"stat.drop.minecraft.book":1,"stat.mineBlock.minecraft.nether_wart_block":1,"stat.pickup.primitivemobs.goblin_mace":2,"arix.kill":5,"stat.pickup.minecraft.feather":19,"stat.drop.minecraft.bone":5,"stat.useItem.minecraft.furnace":2,"gnekk.kill":1,"stat.pickup.minecraft.iron_leggings":4,"stat.drop.lycanitesmobs.lifedraincharge":3,"tremor.kill":2,"stat.pickup.lycanitesmobs.geonachspear":2,"stat.mineBlock.minecraft.gravel":8,"stat.useItem.minecraft.stone_pickaxe":425,"stat.killEntity.primitivemobs.baby_spider":2,"stat.drop.minecraft.reeds":5,"stat.pickup.minecraft.chainmail_boots":1,"stat.useItem.minecraft.torch":367,"stat.pickup.minecraft.iron_nugget":8,"stat.pickup.minecraft.crafting_table":1,"stat.useItem.minecraft.log":8,"stat.craftItem.minecraft.crafting_table":3,"stat.killEntity.grimoireofgaia.arachne":1,"stat.pickup.minecraft.log":220,"stat.useItem.minecraft.cooked_fish":3,"stat.pickup.minecraft.web":3,"stat.drop.minecraft.planks":12,"stat.pickup.minecraft.chainmail_leggings":2,"stat.pickup.minecraft.sapling":58,"stat.drop.minecraft.bow":1,"stat.pickup.minecraft.beetroot":10,"stat.mineBlock.iceandfire.goldpile":44,"stat.craftItem.valoegheses_be.filtered_coal":2,"stat.pickup.minecraft.diamond_helmet":2,"stat.pickup.quark.root":1,"stat.killEntity.WitherSkeleton":1,"stat.pickup.lycanitesmobs.lifedraincharge":13,"stat.sneakTime":36210,"stat.useItem.minecraft.baked_potato":92,"stat.pickup.minecraft.stone_slab":16,"stat.pickup.minecraft.yellow_flower":13,"stat.killEntity.grimoireofgaia.minotaurus":2,"stat.useItem.minecraft.fishing_rod":14,"stat.pickup.minecraft.chest":5,"stat.pickup.minecraft.bone":117,"stat.pickup.valoegheses_be.soil_dry":2,"stat.pickup.lycanitesmobs.tundracharge":4,"stat.useItem.minecraft.diamond_sword":1169,"stat.drop.minecraft.iron_nugget":2,"stat.swimOneCm":366650,"stat.climbOneCm":2043,"stat.mineBlock.minecraft.spruce_stairs":6,"stat.mineBlock.quark.roots":4,"stat.mineBlock.quark.marble_wall":2,"stat.useItem.minecraft.dirt":2319,"stat.pickup.lycanitesmobs.sprigganroot":2,"stat.killEntity.primitivemobs.mother_spider":1,"stat.pickup.minecraft.anvil":1,"stat.useItem.minecraft.iron_ore":1,"stat.useItem.minecraft.golden_pickaxe":32,"stat.craftItem.minecraft.stone_pickaxe":4,"stat.pickup.everlastingabilities.ability_totem":3,"stat.mineBlock.minecraft.magma":2,"stat.pickup.minecraft.cobblestone":1217,"stat.pickup.minecraft.soul_sand":7,"stat.pickup.minecraft.glass_bottle":2,"stat.drop.minecraft.wheat_seeds":8,"stat.useItem.minecraft.cooked_beef":2,"stat.pickup.minecraft.golden_pickaxe":3,"stat.pickup.minecraft.redstone":7,"stat.mineBlock.minecraft.iron_ore":32,"stat.drop.minecraft.log":17,"stat.pickup.minecraft.mutton":11,"stat.pickup.minecraft.mossy_cobblestone":3,"stat.drop.minecraft.coal":1,"stat.pickup.minecraft.wooden_axe":1,"stat.mineBlock.minecraft.coal_block":1,"stat.pickup.minecraft.stonebrick":35,"stat.useItem.exoticbirds.pigeon_egg":1,"stat.drop.quark.marble":2,"stat.drop.minecraft.dirt":12,"krake.kill":2,"stat.pickup.minecraft.iron_shovel":3,"stat.pickup.lycanitesmobs.whirlwindcharge":6,"stat.mineBlock.minecraft.nether_brick":16,"stat.drop.exoticbirds.mystery_egg":2,"stat.entityKilledBy.primitivemobs.brain_slime":1,"stat.useItem.minecraft.spruce_fence":2,"stat.useItem.grimoireofgaia.food_root":1,"stat.pickup.minecraft.paper":2,"stat.craftItem.minecraft.stick":116,"stat.useItem.minecraft.stone_slab":2,"stat.craftItem.minecraft.stone":368,"stat.useItem.minecraft.diamond_pickaxe":2697,"stat.useItem.minecraft.wooden_shovel":2,"stat.pickup.minecraft.diamond_chestplate":1,"stat.pickup.chococraft.gysahl_green_seeds":84,"stat.entityKilledBy.Creeper":2,"stat.mineBlock.minecraft.planks":32,"stat.drop":188,"stat.killEntity.Sheep":2,"stat.pickup.minecraft.slime_ball":19,"stat.pickup.minecraft.golden_chestplate":1,"stat.killEntity.primitivemobs.haunted_tool":1,"stat.useItem.valoegheses_be.soil_dry":1,"stat.pickup.minecraft.gravel":8,"stat.mineBlock.minecraft.anvil":1,"stat.useItem.minecraft.diamond_axe":17,"stat.mineBlock.valoegheses_be.bush_small":2,"stat.useItem.minecraft.apple":60,"stat.entityKilledBy.primitivemobs.bewitched_tome":5,"stat.useItem.minecraft.potion":4,"stat.killEntity.primitivemobs.support_creeper":1,"stat.pickup.minecraft.diamond_sword":5,"stat.pickup.everlastingabilities.ability_bottle":1,"stat.pickup.minecraft.fence":5,"stat.pickup.minecraft.iron_helmet":3,"stat.useItem.minecraft.stone_axe":1,"stat.craftItem.minecraft.bread":48,"stat.entityKilledBy.CaveSpider":1,"stat.pickup.minecraft.spider_eye":14,"stat.killEntity.primitivemobs.goblin":4,"stat.craftItem.minecraft.iron_helmet":1,"stat.pickup.minecraft.experience_bottle":5,"stat.useItem.minecraft.cooked_chicken":27,"stat.pickup.minecraft.iron_ore":44,"stat.drop.iceandfire.chared_stone":2,"stat.mineBlock.mca.rose_gold_ore":2,"stat.mineBlock.minecraft.iron_bars":1,"stat.mineBlock.minecraft.leaves2":2,"stat.drop.zawa.worm":5,"stat.pickup.minecraft.leather":24,"stat.dispenserInspected":2,"stat.pickup.quark.marble_wall":3,"stat.pickup.minecraft.reeds":5,"stat.killEntity.CaveSpider":11,"stat.entityKilledBy.grimoireofgaia.minotaur":4,"stat.damageDealt":51019,"stat.craftItem.minecraft.glass":74,"stat.entityKilledBy.primitivemobs.treasure_slime":1,"stat.sleepInBed":69,"stat.craftItem.minecraft.baked_potato":142,"stat.mineBlock.minecraft.nether_brick_stairs":2,"stat.walkOneCm":2770380,"stat.playerKills":6,"stat.pickup.minecraft.stick":27,"stat.craftItem.quark.custom_chest":2,"stat.pickup.minecraft.clay_ball":248,"spriggan.kill":6,"stat.craftItem.minecraft.diamond_boots":1,"stat.pickup.quark.root_flower":5,"stat.entityKilledBy.grimoireofgaia.minotaurus":4,"stat.pickup.minecraft.stone":187,"stat.useItem.minecraft.spruce_stairs":56,"stat.pickup.minecraft.chorus_fruit":2,"stat.pickup.minecraft.gold_ingot":5,"stat.drop.chococraft.gysahl_green_seeds":9,"stat.pickup.lycanitesmobs.reaperclaw":2,"stat.killEntity.Skeleton":34,"stat.pickup.exoticbirds.parrot_egg":3,"stat.killEntity.Chicken":1,"stat.killEntity.Spider":19,"stat.pickup.minecraft.bread":42,"stat.craftItem.minecraft.spruce_fence":3,"stat.pickup.minecraft.quartz":17,"stat.pickup.lycanitesmobs.icefireballcharge":8,"stat.useItem.minecraft.golden_apple":4,"stat.mineBlock.minecraft.leaves":311,"stat.pickup.minecraft.spruce_stairs":33,"stat.mineBlock.minecraft.redstone_ore":1,"stat.pickup.lycanitesmobs.acidsplashcharge":4,"stat.pickup.minecraft.lava_bucket":1,"stat.mineBlock.minecraft.bone_block":99,"stat.mineBlock.minecraft.stone":1214}