{"stat.useItem.minecraft.bow":4,"stat.mineBlock.iceandfire.chared_grass":1,"stat.leaveGame":5,"darkling.kill":1,"stat.useItem.minecraft.soul_sand":38,"stat.pickup.zawa.worm":5,"stat.drop.quark.glass_shards":3,"stat.useItem.minecraft.planks":2,"stat.pickup.minecraft.glowstone_dust":4,"stat.pickup.minecraft.blaze_powder":4,"stat.pickup.lycanitesmobs.cooked_chupacabra_meat":1,"stat.drop.minecraft.iron_sword":2,"stat.killEntity.primitivemobs.skeleton_warrior":1,"stat.pickup.minecraft.rotten_flesh":109,"stat.entityKilledBy.primitivemobs.rocket_creeper":1,"stat.entityKilledBy.primitivemobs.skeleton_warrior":1,"stat.pickup.minecraft.cobblestone_wall":20,"stat.entityKilledBy.cyclops":7,"stat.pickup.minecraft.leather_boots":1,"stat.pickup.lycanitesmobs.throwingscythecharge":3,"stat.entityKilledBy.firedragon":26,"stat.pickup.minecraft.chainmail_chestplate":1,"stat.pickup.minecraft.brown_mushroom":2,"stat.pickup.iceandfire.ash":1,"stat.pickup.lycanitesmobs.clinkscythe":1,"stat.craftItem.minecraft.wooden_pickaxe":4,"stat.pickup.minecraft.firework_charge":2,"banshee.kill":4,"stat.furnaceInteraction":17,"stat.entityKilledBy.grimoireofgaia.harpy":1,"stat.drop.minecraft.red_flower":2,"stat.useItem.minecraft.cooked_mutton":3,"stat.pickup.lycanitesmobs.spectralboltcharge":6,"stat.pickup.minecraft.leather_helmet":1,"stat.pickup.minecraft.iron_chestplate":1,"stat.drop.minecraft.pumpkin_seeds":1,"stat.pickup.minecraft.pumpkin_seeds":1,"stat.pickup.minecraft.fermented_spider_eye":2,"stat.drop.chococraft.ability_fruit":3,"stat.mineBlock.minecraft.soul_sand":2,"stat.useItem.minecraft.dye":88,"stat.pickup.lycanitesmobs.raw_chupacabra_meat":4,"stat.deaths":150,"stat.pickup.lycanitesmobs.geistliver":9,"stat.playOneMinute":290925,"stat.pickup.minecraft.blaze_rod":2,"stat.useItem.lycanitesmobs.geistliver":2,"stat.pickup.zawa.care_guide":2,"stat.pickup.minecraft.iron_bars":1,"stat.mineBlock.minecraft.tallgrass":5,"stat.pickup.minecraft.cooked_mutton":3,"stat.chestOpened":78,"stat.pickup.minecraft.pumpkin":2,"stat.useItem.minecraft.cooked_rabbit":1,"stat.pickup.minecraft.iron_sword":8,"stat.pickup.minecraft.arrow":58,"stat.pickup.minecraft.gold_nugget":122,"stat.craftItem.minecraft.coal":9,"geist.kill":2,"stat.pickup.minecraft.cooked_chicken":7,"stat.fallOneCm":278446,"stat.pickup.minecraft.carrot":1,"stat.pickup.valoegheses_be.soil_waste":8,"stat.pickup.minecraft.melon_seeds":2,"stat.crouchOneCm":11383,"stat.pickup.minecraft.melon":9,"stat.craftingTableInteraction":20,"stat.pickup.minecraft.feather":8,"stat.drop.minecraft.bone":7,"stat.craftItem.mca.rose_gold_ingot":2,"stat.pickup.minecraft.dye":85,"stat.pickup.minecraft.planks":36,"stat.pickup.minecraft.iron_leggings":1,"stat.pickup.minecraft.wheat_seeds":29,"tremor.kill":1,"stat.useItem.minecraft.stone_pickaxe":239,"stat.drop.minecraft.soul_sand":2,"stat.mineBlock.minecraft.dirt":198,"stat.useItem.minecraft.bread":27,"stat.useItem.minecraft.torch":6,"stat.pickup.minecraft.golden_apple":2,"stat.pickup.minecraft.iron_nugget":2,"stat.drop.minecraft.rotten_flesh":18,"stat.useItem.minecraft.cobblestone":124,"stat.craftItem.minecraft.crafting_table":4,"tpumpkyn.kill":1,"stat.pickup.minecraft.golden_hoe":1,"stat.mineBlock.zawa.bamboo":1,"stat.pickup.minecraft.log":19,"stat.drop.lycanitesmobs.whirlwindcharge":3,"stat.pickup.minecraft.sapling":2,"stat.pickup.minecraft.wooden_door":4,"stat.pickup.minecraft.apple":7,"stat.pickup.minecraft.coal_block":1,"stat.mineBlock.iceandfire.goldpile":24,"stat.craftItem.minecraft.planks":84,"stat.useItem.minecraft.iron_sword":302,"stat.craftItem.lycanitesmobs.cooked_chupacabra_meat":2,"stat.pickup.minecraft.diamond_helmet":1,"stat.useItem.minecraft.stonebrick":34,"stat.mineBlock.minecraft.log":19,"stat.drop.lycanitesmobs.cooked_chupacabra_meat":1,"stat.pickup.minecraft.red_flower":70,"stat.sneakTime":4259,"stat.pickup.minecraft.wool":13,"stat.mineBlock.minecraft.cobblestone_wall":9,"stat.drop.minecraft.bucket":1,"stat.pickup.minecraft.stone_slab":57,"stat.useItem.minecraft.wooden_axe":19,"stat.pickup.minecraft.yellow_flower":2,"stat.killEntity.grimoireofgaia.minotaurus":2,"stat.pickup.minecraft.chest":2,"stat.pickup.minecraft.bone":93,"stat.mineBlock.minecraft.cobblestone":23,"stat.mineBlock.minecraft.yellow_flower":1,"stat.entityKilledBy.Witch":1,"stat.useItem.minecraft.diamond_sword":355,"stat.craftItem.minecraft.diamond_helmet":1,"stat.swimOneCm":50186,"stat.pickup.quark.glass_shards":3,"stat.climbOneCm":11137,"stat.pickup.minecraft.enchanted_book":4,"stat.drop.minecraft.cobblestone":6,"stat.useItem.chococraft.gysahl_green":43,"stat.useItem.minecraft.dirt":148,"stat.useItem.minecraft.stone_slab2":47,"stat.pickup.minecraft.bow":2,"stat.pickup.minecraft.cooked_rabbit":1,"stat.useItem.minecraft.golden_pickaxe":24,"stat.craftItem.minecraft.stone_pickaxe":3,"stat.pickup.everlastingabilities.ability_totem":6,"stat.pickup.minecraft.cobblestone":187,"stat.flyOneCm":1476995,"stat.pickup.minecraft.clay":8,"stat.pickup.minecraft.soul_sand":30,"stat.pickup.minecraft.fish":1,"stat.drop.minecraft.wheat_seeds":1,"stat.useItem.minecraft.cooked_beef":9,"stat.pickup.minecraft.golden_pickaxe":1,"stat.mineBlock.minecraft.iron_ore":2,"stat.timeSinceDeath":84,"stat.pickup.minecraft.mutton":9,"stat.pickup.minecraft.mossy_cobblestone":5,"stat.pickup.minecraft.stonebrick":180,"stat.pickup.lycanitesmobs.whirlwindcharge":3,"stat.mineBlock.minecraft.coal_ore":1,"stat.drop.minecraft.wool":6,"stat.talkedToVillager":1,"stat.pickup.minecraft.string":37,"stat.entityKilledBy.primitivemobs.baby_spider":1,"stat.entityKilledBy.Skeleton":16,"stat.sprintOneCm":911120,"stat.mineBlock.minecraft.stone_slab":16,"stat.craftItem.minecraft.stick":48,"stat.craftItem.minecraft.wooden_axe":2,"stat.killEntity.Endermite":2,"stat.useItem.minecraft.carrot":1,"stat.pickup.chococraft.gysahl_green_seeds":211,"stat.entityKilledBy.Creeper":1,"stat.mineBlock.quark.marble":6,"stat.pickup.minecraft.vine":3,"stat.mineBlock.minecraft.planks":1,"stat.drop":93,"stat.killEntity.Sheep":8,"stat.killEntity.Zombie":40,"stat.craftItem.minecraft.dye":78,"stat.pickup.iceandfire.chared_dirt":3,"stat.diveOneCm":66967,"stat.pickup.minecraft.wheat":33,"stat.mineBlock.minecraft.mossy_cobblestone":2,"stat.useItem.minecraft.apple":12,"stat.pickup.minecraft.obsidian":2,"stat.pickup.everlastingabilities.ability_bottle":3,"stat.craftItem.minecraft.diamond_sword":1,"stat.jump":7131,"stat.pickup.minecraft.coal":3,"stat.pickup.minecraft.iron_ingot":3,"stat.craftItem.minecraft.bread":11,"stat.entityKilledBy.CaveSpider":8,"stat.pickup.minecraft.gunpowder":16,"stat.pickup.iceandfire.chared_stone":9,"stat.pickup.minecraft.spider_eye":7,"stat.entityKilledBy.primitivemobs.mother_spider":1,"stat.craftItem.minecraft.torch":36,"stat.pickup.minecraft.dirt":196,"stat.drop.minecraft.bed":1,"stat.useItem.minecraft.cooked_chicken":3,"stat.pickup.minecraft.iron_ore":2,"roc.kill":3,"reaper.kill":4,"stat.mineBlock.minecraft.iron_bars":1,"stat.mineBlock.minecraft.stone_stairs":1,"stat.drop.zawa.worm":1,"stat.damageTaken":50284,"stat.pickup.minecraft.leather":5,"stat.mineBlock.minecraft.torch":10,"stat.mineBlock.minecraft.red_flower":17,"stat.mineBlock.minecraft.melon_block":2,"stat.useItem.minecraft.wooden_pickaxe":64,"stat.pickup.minecraft.ender_eye":1,"stat.pickup.minecraft.log2":1,"stat.killEntity.CaveSpider":14,"stat.pickup.minecraft.bed":10,"stat.entityKilledBy.Zombie":9,"stat.pickup.lycanitesmobs.faeboltcharge":2,"stat.damageDealt":21887,"stat.pickup.iceandfire.chared_grass":1,"stat.useItem.lycanitesmobs.raw_chupacabra_meat":1,"stat.sleepInBed":22,"stat.pickup.chococraft.ability_fruit":12,"stat.pickup.chococraft.gysahl_green":93,"stat.walkOneCm":758433,"stat.playerKills":5,"stat.pickup.minecraft.stick":5,"stat.drop.lycanitesmobs.bloodleechcharge":1,"stat.useItem.minecraft.melon":9,"stat.pickup.minecraft.tnt":2,"stat.entityKilledBy.grimoireofgaia.minotaurus":6,"stat.pickup.minecraft.ender_pearl":11,"stat.pickup.minecraft.ladder":1,"stat.pickup.minecraft.cooked_beef":10,"stat.drop.chococraft.gysahl_green_seeds":32,"stat.killEntity.Skeleton":28,"stat.mineBlock.minecraft.tnt":2,"stat.mineBlock.minecraft.stonebrick":102,"stat.killEntity.Spider":4,"stat.pickup.minecraft.bread":23,"stat.mobKills":134,"stat.pickup.minecraft.diamond":3,"stat.mineBlock.minecraft.leaves":1,"stat.pickup.minecraft.torch":14,"stat.drop.minecraft.arrow":2,"stat.mineBlock.minecraft.hay_block":1,"stat.mineBlock.minecraft.stone":115,"stat.mineBlock.valoegheses_be.soil_waste":4}