{"stat.useItem.minecraft.bow":4,"stat.pickup.minecraft.bone":42,"stat.mineBlock.iceandfire.chared_grass":1,"stat.leaveGame":3,"darkling.kill":1,"stat.mineBlock.minecraft.cobblestone":15,"stat.mineBlock.minecraft.yellow_flower":1,"stat.useItem.minecraft.soul_sand":38,"stat.swimOneCm":36874,"stat.pickup.zawa.worm":1,"stat.pickup.quark.glass_shards":3,"stat.drop.quark.glass_shards":3,"stat.climbOneCm":10845,"stat.pickup.minecraft.enchanted_book":3,"stat.pickup.minecraft.glowstone_dust":4,"stat.pickup.lycanitesmobs.cooked_chupacabra_meat":1,"stat.useItem.chococraft.gysahl_green":34,"stat.useItem.minecraft.dirt":1,"stat.useItem.minecraft.stone_slab2":23,"stat.pickup.minecraft.bow":1,"stat.drop.minecraft.iron_sword":2,"stat.pickup.minecraft.rotten_flesh":7,"stat.pickup.minecraft.cooked_rabbit":1,"stat.entityKilledBy.primitivemobs.rocket_creeper":1,"stat.entityKilledBy.primitivemobs.skeleton_warrior":1,"stat.craftItem.minecraft.stone_pickaxe":2,"stat.pickup.everlastingabilities.ability_totem":2,"stat.pickup.minecraft.cobblestone":163,"stat.pickup.lycanitesmobs.throwingscythecharge":3,"stat.flyOneCm":887139,"stat.pickup.minecraft.soul_sand":28,"stat.entityKilledBy.firedragon":9,"stat.pickup.minecraft.fish":1,"stat.mineBlock.minecraft.iron_ore":2,"stat.timeSinceDeath":127,"stat.pickup.lycanitesmobs.clinkscythe":1,"stat.craftItem.minecraft.wooden_pickaxe":2,"banshee.kill":4,"stat.pickup.minecraft.stonebrick":8,"stat.furnaceInteraction":7,"stat.mineBlock.minecraft.coal_ore":1,"stat.drop.minecraft.wool":6,"stat.entityKilledBy.grimoireofgaia.harpy":1,"stat.pickup.minecraft.string":1,"stat.entityKilledBy.primitivemobs.baby_spider":1,"stat.entityKilledBy.Skeleton":7,"stat.pickup.lycanitesmobs.spectralboltcharge":6,"stat.sprintOneCm":422050,"stat.pickup.minecraft.iron_chestplate":1,"stat.mineBlock.minecraft.stone_slab":16,"stat.craftItem.minecraft.stick":8,"stat.drop.minecraft.pumpkin_seeds":1,"stat.pickup.minecraft.pumpkin_seeds":1,"stat.killEntity.Endermite":2,"stat.pickup.minecraft.fermented_spider_eye":2,"stat.mineBlock.minecraft.soul_sand":2,"stat.useItem.minecraft.dye":88,"stat.pickup.chococraft.gysahl_green_seeds":128,"stat.mineBlock.quark.marble":6,"stat.pickup.lycanitesmobs.raw_chupacabra_meat":4,"stat.deaths":83,"stat.drop":46,"stat.playOneMinute":144542,"stat.pickup.zawa.care_guide":2,"stat.craftItem.minecraft.dye":78,"stat.pickup.iceandfire.chared_dirt":2,"stat.mineBlock.minecraft.tallgrass":4,"stat.diveOneCm":24892,"stat.pickup.minecraft.wheat":33,"stat.chestOpened":53,"stat.pickup.minecraft.pumpkin":2,"stat.pickup.minecraft.iron_sword":7,"stat.pickup.minecraft.arrow":21,"stat.pickup.minecraft.obsidian":1,"stat.pickup.minecraft.gold_nugget":122,"stat.pickup.everlastingabilities.ability_bottle":2,"stat.jump":4035,"stat.pickup.minecraft.coal":3,"stat.fallOneCm":196540,"stat.pickup.minecraft.iron_ingot":2,"stat.pickup.minecraft.carrot":1,"stat.pickup.valoegheses_be.soil_waste":6,"stat.craftItem.minecraft.bread":11,"stat.entityKilledBy.CaveSpider":1,"stat.crouchOneCm":3947,"stat.entityKilledBy.primitivemobs.mother_spider":1,"stat.pickup.minecraft.dirt":20,"stat.drop.minecraft.bed":1,"stat.craftingTableInteraction":6,"stat.pickup.minecraft.iron_ore":2,"roc.kill":3,"reaper.kill":4,"stat.mineBlock.minecraft.stone_stairs":1,"stat.damageTaken":25342,"stat.pickup.minecraft.feather":8,"stat.pickup.minecraft.leather":5,"stat.drop.minecraft.bone":7,"stat.mineBlock.minecraft.torch":5,"stat.useItem.minecraft.wooden_pickaxe":20,"stat.craftItem.mca.rose_gold_ingot":2,"stat.pickup.minecraft.ender_eye":1,"stat.pickup.minecraft.dye":85,"stat.pickup.minecraft.planks":16,"stat.pickup.minecraft.bed":4,"stat.pickup.minecraft.wheat_seeds":29,"stat.entityKilledBy.Zombie":1,"stat.useItem.minecraft.stone_pickaxe":179,"stat.damageDealt":5606,"stat.pickup.iceandfire.chared_grass":1,"stat.useItem.lycanitesmobs.raw_chupacabra_meat":1,"stat.sleepInBed":9,"stat.pickup.chococraft.gysahl_green":69,"stat.mineBlock.minecraft.dirt":17,"stat.walkOneCm":329361,"stat.useItem.minecraft.bread":13,"stat.playerKills":3,"stat.pickup.minecraft.stick":5,"stat.pickup.minecraft.iron_nugget":2,"stat.drop.minecraft.rotten_flesh":2,"stat.useItem.minecraft.cobblestone":123,"stat.craftItem.minecraft.crafting_table":2,"stat.drop.lycanitesmobs.bloodleechcharge":1,"tpumpkyn.kill":1,"stat.mineBlock.zawa.bamboo":1,"stat.pickup.minecraft.log":7,"stat.entityKilledBy.grimoireofgaia.minotaurus":5,"stat.pickup.minecraft.sapling":2,"stat.pickup.minecraft.ender_pearl":8,"stat.drop.chococraft.gysahl_green_seeds":21,"stat.killEntity.Skeleton":7,"stat.mineBlock.iceandfire.goldpile":24,"stat.mineBlock.minecraft.stonebrick":6,"stat.craftItem.minecraft.planks":28,"stat.useItem.minecraft.iron_sword":162,"stat.craftItem.lycanitesmobs.cooked_chupacabra_meat":2,"stat.killEntity.Spider":1,"stat.mobKills":30,"stat.useItem.minecraft.stonebrick":4,"stat.mineBlock.minecraft.log":7,"stat.drop.lycanitesmobs.cooked_chupacabra_meat":1,"stat.mineBlock.minecraft.leaves":1,"stat.pickup.minecraft.torch":5,"stat.sneakTime":2292,"stat.pickup.minecraft.wool":6,"stat.drop.minecraft.bucket":1,"stat.pickup.minecraft.stone_slab":49,"stat.pickup.minecraft.yellow_flower":1,"stat.mineBlock.minecraft.stone":115,"stat.mineBlock.valoegheses_be.soil_waste":4,"stat.killEntity.grimoireofgaia.minotaurus":1,"stat.pickup.minecraft.chest":1}