{"stat.chestOpened":24,"stat.pickup.minecraft.bone":14,"stat.mineBlock.iceandfire.chared_grass":1,"stat.leaveGame":3,"stat.pickup.minecraft.iron_sword":7,"stat.pickup.minecraft.arrow":3,"stat.useItem.minecraft.soul_sand":5,"stat.pickup.minecraft.gold_nugget":122,"stat.pickup.everlastingabilities.ability_bottle":2,"stat.jump":2939,"stat.swimOneCm":28320,"stat.pickup.zawa.worm":1,"stat.pickup.quark.glass_shards":3,"stat.drop.quark.glass_shards":3,"stat.pickup.minecraft.coal":3,"stat.fallOneCm":173581,"stat.climbOneCm":10529,"stat.pickup.minecraft.iron_ingot":2,"stat.pickup.minecraft.glowstone_dust":4,"stat.pickup.valoegheses_be.soil_waste":1,"stat.crouchOneCm":2580,"stat.entityKilledBy.primitivemobs.mother_spider":1,"stat.pickup.minecraft.dirt":20,"stat.useItem.chococraft.gysahl_green":22,"stat.useItem.minecraft.dirt":1,"stat.useItem.minecraft.stone_slab2":7,"stat.drop.minecraft.iron_sword":2,"stat.craftingTableInteraction":5,"stat.pickup.minecraft.iron_ore":2,"stat.pickup.minecraft.rotten_flesh":1,"roc.kill":3,"stat.entityKilledBy.primitivemobs.rocket_creeper":1,"stat.entityKilledBy.primitivemobs.skeleton_warrior":1,"stat.damageTaken":20503,"stat.pickup.minecraft.feather":7,"stat.pickup.minecraft.leather":3,"stat.drop.minecraft.bone":7,"stat.craftItem.minecraft.stone_pickaxe":2,"stat.useItem.minecraft.wooden_pickaxe":20,"stat.pickup.minecraft.cobblestone":77,"stat.pickup.minecraft.dye":7,"stat.pickup.minecraft.planks":16,"stat.pickup.lycanitesmobs.throwingscythecharge":3,"stat.flyOneCm":717191,"stat.pickup.minecraft.bed":1,"stat.pickup.minecraft.soul_sand":6,"stat.entityKilledBy.firedragon":9,"stat.pickup.minecraft.fish":1,"stat.entityKilledBy.Zombie":1,"stat.useItem.minecraft.stone_pickaxe":59,"stat.damageDealt":1719,"stat.pickup.iceandfire.chared_grass":1,"stat.mineBlock.minecraft.iron_ore":2,"stat.sleepInBed":4,"stat.timeSinceDeath":598,"stat.pickup.chococraft.gysahl_green":66,"stat.mineBlock.minecraft.dirt":17,"stat.pickup.lycanitesmobs.clinkscythe":1,"stat.craftItem.minecraft.wooden_pickaxe":2,"stat.walkOneCm":175363,"stat.useItem.minecraft.bread":3,"stat.playerKills":3,"stat.pickup.minecraft.stick":5,"stat.drop.minecraft.rotten_flesh":1,"stat.useItem.minecraft.cobblestone":16,"banshee.kill":1,"stat.craftItem.minecraft.crafting_table":2,"stat.furnaceInteraction":1,"stat.drop.lycanitesmobs.bloodleechcharge":1,"stat.mineBlock.minecraft.coal_ore":1,"stat.drop.minecraft.wool":6,"stat.mineBlock.zawa.bamboo":1,"stat.pickup.minecraft.log":7,"stat.entityKilledBy.primitivemobs.baby_spider":1,"stat.entityKilledBy.Skeleton":4,"stat.entityKilledBy.grimoireofgaia.minotaurus":5,"stat.pickup.minecraft.sapling":2,"stat.sprintOneCm":306927,"stat.mineBlock.minecraft.stone_slab":2,"stat.craftItem.minecraft.stick":8,"stat.drop.chococraft.gysahl_green_seeds":17,"stat.drop.minecraft.pumpkin_seeds":1,"stat.mineBlock.iceandfire.goldpile":24,"stat.craftItem.minecraft.planks":28,"stat.useItem.minecraft.iron_sword":37,"stat.pickup.minecraft.pumpkin_seeds":1,"stat.mobKills":4,"stat.mineBlock.minecraft.log":7,"stat.pickup.chococraft.gysahl_green_seeds":124,"stat.deaths":67,"stat.drop":38,"stat.mineBlock.minecraft.leaves":1,"stat.playOneMinute":84256,"stat.sneakTime":1501,"stat.pickup.minecraft.wool":6,"stat.pickup.zawa.care_guide":2,"stat.pickup.iceandfire.chared_dirt":2,"stat.pickup.minecraft.stone_slab":4,"stat.mineBlock.minecraft.stone":45,"stat.mineBlock.minecraft.tallgrass":3,"stat.killEntity.grimoireofgaia.minotaurus":1,"stat.diveOneCm":13679}