{"stat.useItem.minecraft.bow":4,"stat.mineBlock.iceandfire.chared_grass":1,"stat.leaveGame":4,"darkling.kill":1,"stat.useItem.minecraft.soul_sand":38,"stat.pickup.zawa.worm":1,"stat.drop.quark.glass_shards":3,"stat.useItem.minecraft.planks":2,"stat.pickup.minecraft.glowstone_dust":4,"stat.pickup.lycanitesmobs.cooked_chupacabra_meat":1,"stat.drop.minecraft.iron_sword":2,"stat.pickup.minecraft.rotten_flesh":31,"stat.entityKilledBy.primitivemobs.rocket_creeper":1,"stat.entityKilledBy.primitivemobs.skeleton_warrior":1,"stat.pickup.minecraft.cobblestone_wall":1,"stat.entityKilledBy.cyclops":3,"stat.pickup.minecraft.leather_boots":1,"stat.pickup.lycanitesmobs.throwingscythecharge":3,"stat.entityKilledBy.firedragon":9,"stat.pickup.minecraft.chainmail_chestplate":1,"stat.pickup.minecraft.brown_mushroom":2,"stat.pickup.lycanitesmobs.clinkscythe":1,"stat.craftItem.minecraft.wooden_pickaxe":3,"banshee.kill":4,"stat.furnaceInteraction":12,"stat.entityKilledBy.grimoireofgaia.harpy":1,"stat.useItem.minecraft.cooked_mutton":1,"stat.pickup.lycanitesmobs.spectralboltcharge":6,"stat.pickup.minecraft.leather_helmet":1,"stat.pickup.minecraft.iron_chestplate":1,"stat.drop.minecraft.pumpkin_seeds":1,"stat.pickup.minecraft.pumpkin_seeds":1,"stat.pickup.minecraft.fermented_spider_eye":2,"stat.mineBlock.minecraft.soul_sand":2,"stat.useItem.minecraft.dye":88,"stat.pickup.lycanitesmobs.raw_chupacabra_meat":4,"stat.deaths":97,"stat.pickup.lycanitesmobs.geistliver":5,"stat.playOneMinute":193875,"stat.useItem.lycanitesmobs.geistliver":2,"stat.pickup.zawa.care_guide":2,"stat.mineBlock.minecraft.tallgrass":5,"stat.pickup.minecraft.cooked_mutton":3,"stat.chestOpened":65,"stat.pickup.minecraft.pumpkin":2,"stat.useItem.minecraft.cooked_rabbit":1,"stat.pickup.minecraft.iron_sword":7,"stat.pickup.minecraft.arrow":24,"stat.pickup.minecraft.gold_nugget":122,"stat.pickup.minecraft.cooked_chicken":6,"stat.fallOneCm":227685,"stat.pickup.minecraft.carrot":1,"stat.pickup.valoegheses_be.soil_waste":8,"stat.crouchOneCm":5938,"stat.pickup.minecraft.melon":4,"stat.craftingTableInteraction":12,"stat.pickup.minecraft.feather":8,"stat.drop.minecraft.bone":7,"stat.craftItem.mca.rose_gold_ingot":2,"stat.pickup.minecraft.dye":85,"stat.pickup.minecraft.planks":25,"stat.pickup.minecraft.iron_leggings":1,"stat.pickup.minecraft.wheat_seeds":29,"stat.useItem.minecraft.stone_pickaxe":179,"stat.drop.minecraft.soul_sand":2,"stat.mineBlock.minecraft.dirt":17,"stat.useItem.minecraft.bread":13,"stat.pickup.minecraft.iron_nugget":2,"stat.drop.minecraft.rotten_flesh":4,"stat.useItem.minecraft.cobblestone":124,"stat.craftItem.minecraft.crafting_table":4,"tpumpkyn.kill":1,"stat.mineBlock.zawa.bamboo":1,"stat.pickup.minecraft.log":19,"stat.drop.lycanitesmobs.whirlwindcharge":3,"stat.pickup.minecraft.sapling":2,"stat.pickup.minecraft.wooden_door":1,"stat.mineBlock.iceandfire.goldpile":24,"stat.craftItem.minecraft.planks":76,"stat.useItem.minecraft.iron_sword":291,"stat.craftItem.lycanitesmobs.cooked_chupacabra_meat":2,"stat.useItem.minecraft.stonebrick":4,"stat.mineBlock.minecraft.log":19,"stat.drop.lycanitesmobs.cooked_chupacabra_meat":1,"stat.pickup.minecraft.red_flower":8,"stat.sneakTime":2716,"stat.pickup.minecraft.wool":13,"stat.drop.minecraft.bucket":1,"stat.pickup.minecraft.stone_slab":55,"stat.useItem.minecraft.wooden_axe":19,"stat.pickup.minecraft.yellow_flower":1,"stat.killEntity.grimoireofgaia.minotaurus":1,"stat.pickup.minecraft.chest":1,"stat.pickup.minecraft.bone":52,"stat.mineBlock.minecraft.cobblestone":16,"stat.mineBlock.minecraft.yellow_flower":1,"stat.useItem.minecraft.diamond_sword":18,"stat.craftItem.minecraft.diamond_helmet":1,"stat.swimOneCm":50186,"stat.pickup.quark.glass_shards":3,"stat.climbOneCm":11137,"stat.pickup.minecraft.enchanted_book":3,"stat.drop.minecraft.cobblestone":6,"stat.useItem.chococraft.gysahl_green":43,"stat.useItem.minecraft.dirt":1,"stat.useItem.minecraft.stone_slab2":31,"stat.pickup.minecraft.bow":1,"stat.pickup.minecraft.cooked_rabbit":1,"stat.craftItem.minecraft.stone_pickaxe":2,"stat.pickup.everlastingabilities.ability_totem":3,"stat.pickup.minecraft.cobblestone":171,"stat.flyOneCm":1112793,"stat.pickup.minecraft.clay":8,"stat.pickup.minecraft.soul_sand":30,"stat.pickup.minecraft.fish":1,"stat.drop.minecraft.wheat_seeds":1,"stat.mineBlock.minecraft.iron_ore":2,"stat.timeSinceDeath":994,"stat.pickup.minecraft.mutton":9,"stat.pickup.minecraft.stonebrick":35,"stat.pickup.lycanitesmobs.whirlwindcharge":3,"stat.mineBlock.minecraft.coal_ore":1,"stat.drop.minecraft.wool":6,"stat.pickup.minecraft.string":2,"stat.entityKilledBy.primitivemobs.baby_spider":1,"stat.entityKilledBy.Skeleton":8,"stat.sprintOneCm":583023,"stat.mineBlock.minecraft.stone_slab":16,"stat.craftItem.minecraft.stick":28,"stat.craftItem.minecraft.wooden_axe":2,"stat.killEntity.Endermite":2,"stat.useItem.minecraft.carrot":1,"stat.pickup.chococraft.gysahl_green_seeds":211,"stat.mineBlock.quark.marble":6,"stat.mineBlock.minecraft.planks":1,"stat.drop":71,"stat.killEntity.Sheep":8,"stat.killEntity.Zombie":11,"stat.craftItem.minecraft.dye":78,"stat.pickup.iceandfire.chared_dirt":2,"stat.diveOneCm":66967,"stat.pickup.minecraft.wheat":33,"stat.pickup.minecraft.obsidian":2,"stat.pickup.everlastingabilities.ability_bottle":2,"stat.craftItem.minecraft.diamond_sword":1,"stat.jump":5181,"stat.pickup.minecraft.coal":3,"stat.pickup.minecraft.iron_ingot":3,"stat.craftItem.minecraft.bread":11,"stat.entityKilledBy.CaveSpider":1,"stat.entityKilledBy.primitivemobs.mother_spider":1,"stat.pickup.minecraft.dirt":20,"stat.drop.minecraft.bed":1,"stat.useItem.minecraft.cooked_chicken":2,"stat.pickup.minecraft.iron_ore":2,"roc.kill":3,"reaper.kill":4,"stat.mineBlock.minecraft.stone_stairs":1,"stat.damageTaken":30619,"stat.pickup.minecraft.leather":5,"stat.mineBlock.minecraft.torch":6,"stat.mineBlock.minecraft.red_flower":8,"stat.mineBlock.minecraft.melon_block":1,"stat.useItem.minecraft.wooden_pickaxe":57,"stat.pickup.minecraft.ender_eye":1,"stat.pickup.minecraft.log2":1,"stat.pickup.minecraft.bed":5,"stat.entityKilledBy.Zombie":3,"stat.damageDealt":9593,"stat.pickup.iceandfire.chared_grass":1,"stat.useItem.lycanitesmobs.raw_chupacabra_meat":1,"stat.sleepInBed":15,"stat.pickup.chococraft.gysahl_green":93,"stat.walkOneCm":451083,"stat.playerKills":4,"stat.pickup.minecraft.stick":5,"stat.drop.lycanitesmobs.bloodleechcharge":1,"stat.entityKilledBy.grimoireofgaia.minotaurus":6,"stat.pickup.minecraft.ender_pearl":9,"stat.pickup.minecraft.ladder":1,"stat.pickup.minecraft.cooked_beef":6,"stat.drop.chococraft.gysahl_green_seeds":32,"stat.killEntity.Skeleton":11,"stat.mineBlock.minecraft.stonebrick":36,"stat.killEntity.Spider":2,"stat.pickup.minecraft.bread":11,"stat.mobKills":57,"stat.pickup.minecraft.diamond":3,"stat.mineBlock.minecraft.leaves":1,"stat.pickup.minecraft.torch":6,"stat.mineBlock.minecraft.stone":115,"stat.mineBlock.valoegheses_be.soil_waste":4}