{"stat.chestOpened":12,"stat.pickup.minecraft.bone":2,"stat.mineBlock.iceandfire.chared_grass":1,"stat.leaveGame":3,"stat.pickup.minecraft.gold_nugget":120,"stat.pickup.everlastingabilities.ability_bottle":2,"stat.jump":1136,"stat.swimOneCm":4104,"stat.pickup.zawa.worm":1,"stat.fallOneCm":112851,"stat.climbOneCm":731,"stat.pickup.minecraft.iron_ingot":2,"stat.crouchOneCm":557,"stat.entityKilledBy.primitivemobs.mother_spider":1,"stat.pickup.minecraft.dirt":14,"stat.useItem.chococraft.gysahl_green":2,"stat.useItem.minecraft.dirt":1,"stat.useItem.minecraft.stone_slab2":4,"stat.craftingTableInteraction":1,"stat.damageTaken":16199,"stat.pickup.minecraft.feather":2,"stat.useItem.minecraft.wooden_pickaxe":4,"stat.pickup.minecraft.cobblestone":3,"stat.pickup.minecraft.dye":7,"stat.pickup.minecraft.planks":12,"stat.pickup.lycanitesmobs.throwingscythecharge":3,"stat.flyOneCm":234817,"stat.entityKilledBy.firedragon":9,"stat.damageDealt":151,"stat.pickup.iceandfire.chared_grass":1,"stat.timeSinceDeath":1472,"stat.pickup.chococraft.gysahl_green":21,"stat.mineBlock.minecraft.dirt":11,"stat.pickup.lycanitesmobs.clinkscythe":1,"stat.craftItem.minecraft.wooden_pickaxe":1,"stat.walkOneCm":84231,"stat.useItem.minecraft.bread":3,"stat.playerKills":3,"stat.craftItem.minecraft.crafting_table":1,"stat.drop.lycanitesmobs.bloodleechcharge":1,"stat.mineBlock.zawa.bamboo":1,"stat.pickup.minecraft.log":3,"stat.entityKilledBy.primitivemobs.baby_spider":1,"stat.entityKilledBy.Skeleton":1,"stat.pickup.minecraft.sapling":2,"stat.sprintOneCm":136600,"stat.craftItem.minecraft.stick":4,"stat.mineBlock.iceandfire.goldpile":24,"stat.craftItem.minecraft.planks":12,"stat.mineBlock.minecraft.log":3,"stat.pickup.chococraft.gysahl_green_seeds":46,"stat.deaths":50,"stat.drop":1,"stat.playOneMinute":34756,"stat.sneakTime":269,"stat.pickup.zawa.care_guide":2,"stat.pickup.iceandfire.chared_dirt":2,"stat.mineBlock.minecraft.stone":4,"stat.mineBlock.minecraft.tallgrass":3,"stat.diveOneCm":1544}